insert into product(pid, bno, clarge, cmedium, csmall, 
pname, pprice, pdetail, pseason, preleasedate, pimg1, pimg2, pimg3)
values('LC2C1WJC533WM2', 3, '여성', '아우터', '재킷','린넨 싱글 재킷',875000,
'100% 린넨 소재를 사용하여 계절감이 물씬 느껴지며, 내추럴한 텍스처가 돋보이는 재킷입니다. 마치 소매라인을 접어 올린 듯한 봉제 디테일로 과하지 않은 입체감 있는 퍼프 슬리브로 랑방 컬렉션만의 섬세하며 감각적인 디자인을 엿볼 수 있습니다.', '22SS', sysdate,
      'http://newmedia.thehandsome.com/LC/2C/SS/LC2C1WJC533WM2_LG_T01.jpg',
      'http://newmedia.thehandsome.com/LC/2C/SS/LC2C1WJC533WM2_LG_T02.jpg',
 'http://newmedia.thehandsome.com/LC/2C/SS/LC2C1WJC533WM2_LG_W03.jpg/dims/resize/684x1032/');
 
 insert into color(pid, ccolorname) 
 values('LC2C1WJC533WM2','grey');
 
 insert into product_size(pid, psize)
 values('LC2C1WJC533WM2','S');
 
 insert into product_size(pid, psize)
 values('LC2C1WJC533WM2','M');

insert into product(pid, bno, clarge, cmedium, csmall, 
pname, pprice, pdetail, pseason, preleasedate, pimg1, pimg2, pimg3)
values('LC2C1WJC532WP1', 3, '여성', '아우터', '재킷','펄 버튼 더블 재킷',865000,
'클래식한 무드를 풍기는 더블 브레스티드 여
밈과 여유 있는 실루엣이 조화를 이루어 색다른 멋이 느껴지는 재킷입니다. 펄을 블록한 버튼 
으로 섬세한 디테일을 살렸으며, 어깨 내장 캡을 더해 각진 어깨가 단정하면서도 세련된 외관 
을 완성시켜줍니다.', '22SS', sysdate,
      'http://newmedia.thehandsome.com/LC/2C/SS/LC2C1WJC532WP1_DE_T01.jpg',
      'http://newmedia.thehandsome.com/LC/2C/SS/LC2C1WJC532WP1_DE_T02.jpg',
 'http://newmedia.thehandsome.com/LC/2C/SS/LC2C1WJC532WP1_DE_W01.jpg/dims/resize/684x1032/');
 
 insert into color(pid, ccolorname) 
 values('LC2C1WJC532WP1','yellow');
 
 insert into product_size(pid, psize)
 values('LC2C1WJC532WP1','S');
 
 insert into product_size(pid, psize)
 values('LC2C1WJC532WP1','M');
 
 insert into product(pid, bno, clarge, cmedium, csmall, 
pname, pprice, pdetail, pseason, preleasedate, pimg1, pimg2, pimg3)
values('LC2C3WJC545WM1', 3, '여성', '아우터', '재킷','오버사이즈 트위드 더블 재킷',1150000,
'두가지의 톤 온 톤 컬러 원사를 
믹스하여 섬세하게 짜여진 트위드 텍스처가 눈길을 끄는 더블 재킷입니다. 넉넉한 오버사이즈 
실루엣으로 어깨 내부에 패드를 더해 형태감이 무너지지 않아 단정하고 세련된 외관을 자랑합 
니다.', '22SS', sysdate,
      'http://newmedia.thehandsome.com/LC/2C/SS/LC2C3WJC545WM1_IV_T01.jpg',
      'http://newmedia.thehandsome.com/LC/2C/SS/LC2C3WJC545WM1_IV_T02.jpg',
 'http://newmedia.thehandsome.com/LC/2C/SS/LC2C3WJC545WM1_IV_W01.jpg/dims/resize/684x1032/');
 
 insert into color(pid, ccolorname) 
 values('LC2C3WJC545WM1','white');
 
 insert into product_size(pid, psize)
 values('LC2C3WJC545WM1','S');
 
 insert into product_size(pid, psize)
 values('LC2C3WJC545WM1','M');
 
 insert into product(pid, bno, clarge, cmedium, csmall, 
pname, pprice, pdetail, pseason, preleasedate, pimg1, pimg2, pimg3)
values('OB2C4WJC055W', 8, '여성', '아우터', '재킷','오픈 칼라 크롭 재킷',565000,
'S/S 시즌에 어울리는 가볍고 시원한 소재감 
의 재킷으로 오픈 칼라 디자인과 살짝 크롭한 길이가 어우러져 트렌디한 무드를 연출해 줍니다
. 앞면의 고급스러운 장식을 더한 버튼이 눈길을 끌며, 같은 소재의 스커트와 함께 셋업하여  
스타일링 하기 좋은 아이템입니다.', '22SS', sysdate,
      'http://newmedia.thehandsome.com/OB/2C/SS/OB2C4WJC055W_KE_T01.jpg',
      'http://newmedia.thehandsome.com/OB/2C/SS/OB2C4WJC055W_KE_T02.jpg',
 'http://newmedia.thehandsome.com/OB/2C/SS/OB2C4WJC055W_KE_W01.jpg/dims/resize/684x1032/');
 
 insert into color(pid, ccolorname) 
 values('OB2C4WJC055W','brown');
 
 insert into color(pid, ccolorname) 
 values('OB2C4WJC055W','beige');

 insert into product_size(pid, psize)
 values('OB2C4WJC055W','XS');
 
 insert into product_size(pid, psize)
 values('OB2C4WJC055W','S');
 
 insert into product_size(pid, psize)
 values('OB2C4WJC055W','M');
 
 insert into product(pid, bno, clarge, cmedium, csmall, 
pname, pprice, pdetail, pseason, preleasedate, pimg1, pimg2, pimg3)
values('MN2C4KOT962W', 2, '여성', '아우터', '재킷','글리터링 텍스처 블록 재킷',725000,
'부분적으로 글리터링 원사를 믹스하여
 서로 다른 패턴과 입체감 있는 레이스 라인이 어우러져 마인만의 감각적인 디자인이 돋보이는
 재킷입니다. 마인만의 아이코닉한 버튼을 더해 포인트를 주었으며, 베이직한 실루엣으로 단품
은 물론 다양한 이너 탑과 함께 매치하기 용이합니다.', '22SS', sysdate,
      'http://newmedia.thehandsome.com/MN/2C/SS/MN2C4KOT962W_WP_T01.jpg',
      'http://newmedia.thehandsome.com/MN/2C/SS/MN2C4KOT962W_WP_T02.jpg',
 'http://newmedia.thehandsome.com/MN/2C/SS/MN2C4KOT962W_WP_W01.jpg/dims/resize/684x1032/');
 
 insert into color(pid, ccolorname) 
 values('MN2C4KOT962W','white');
 
 insert into color(pid, ccolorname) 
 values('MN2C4KOT962W','black');
 
 insert into product_size(pid, psize)
 values('MN2C4KOT962W','M');
 
 insert into product(pid, bno, clarge, cmedium, csmall, 
pname, pprice, pdetail, pseason, preleasedate, pimg1, pimg2, pimg3)
values('IL2C4WJC377WP1', 9, '여성', '아우터', '재킷','린넨 크롭 재킷',545000,
'100% 린넨 소재를 사용하여 계절감이 물씬 느껴
지며, 린넨 특유의 내추럴한 텍스처가 돋보이는 재킷입니다. 포켓 라인을 따라 올을 푼 프레이
드 라인을 더해 포인트를 주었으며, 래트의 시그니처 버튼을 더해 아이코닉한 매력을 살렸습니
다. 드롭 숄더 디자인으로 여유로운 실루엣을 강조해주며, 크롭 기장감으로 트렌디한 감각을  ', '22SS', sysdate,
      'http://newmedia.thehandsome.com/IL/2C/SS/IL2C4WJC377WP1_IN_T01.jpg',
      'http://newmedia.thehandsome.com/IL/2C/SS/IL2C4WJC377WP1_IN_T02.jpg',
 'http://newmedia.thehandsome.com/IL/2C/SS/IL2C4WJC377WP1_IN_W01.jpg/dims/resize/684x1032/');
 
 insert into color(pid, ccolorname) 
 values('IL2C4WJC377WP1','blue');
 
 insert into color(pid, ccolorname) 
 values('IL2C4WJC377WP1','pink');
 
 insert into product_size(pid, psize)
 values('IL2C4WJC377WP1','M');
 
 insert into product_size(pid, psize)
 values('IL2C4WJC377WP1','S');
 
 insert into product(pid, bno, clarge, cmedium, csmall, 
pname, pprice, pdetail, pseason, preleasedate, pimg1, pimg2, pimg3)
values('MN2C5WJC881W', 2, '여성', '아우터', '재킷','스퀘어넥 버튼 블록 재킷',625000,
'입체적인 텍스처가 돋보이는 재킷으로 
클래식한 디자인에 메탈릭한 엠블럼 버튼 장식을 더해 포인트 주었습니다. 칼라리스 디자인으 
로 깔끔한 아웃핏을 자랑하며, 크롭한 기장감이 트렌디한 감각을 살려줍니다. 소맷단에 슬릿을
 주어 활동성을 높였으며, 화사한 컬러감으로 다양한 하의와 매치하여 스타일리시하게 착용할 
수 있습니다.', '22SS', sysdate,
      'http://newmedia.thehandsome.com/MN/2C/SS/MN2C5WJC881W_MU_T01.jpg',
      'http://newmedia.thehandsome.com/MN/2C/SS/MN2C5WJC881W_MU_T02.jpg',
 'http://newmedia.thehandsome.com/MN/2C/SS/MN2C5WJC881W_MU_W01.jpg/dims/resize/684x1032/');
 
 insert into color(pid, ccolorname) 
 values('MN2C5WJC881W','blue');
 
 insert into product_size(pid, psize)
 values('MN2C5WJC881W','XS');
 
 insert into product_size(pid, psize)
 values('MN2C5WJC881W','M');
 
 insert into product_size(pid, psize)
 values('MN2C5WJC881W','S');
 
 insert into product(pid, bno, clarge, cmedium, csmall, 
pname, pprice, pdetail, pseason, preleasedate, pimg1, pimg2, pimg3)
values('MN2C5WJC881WP', 2, '여성', '아우터', '재킷','스퀘어넥 버튼 블록 재킷',565000,
'입체적인 텍스처가 돋보이는 재킷으로 
클래식한 디자인에 메탈릭한 엠블럼 버튼 장식을 더해 포인트 주었습니다. 칼라리스 디자인으 
로 깔끔한 아웃핏을 자랑하며, 크롭한 기장감이 트렌디한 감각을 살려줍니다. 소맷단에 슬릿을
 주어 활동성을 높였으며, 베이직한 컬러감으로 다양한 하의와 매치하여 스타일리시하게 착용 
할 수 있습니다.', '22SS', sysdate,
      'http://newmedia.thehandsome.com/MN/2C/SS/MN2C5WJC881WP_OW_T01.jpg',
      'http://newmedia.thehandsome.com/MN/2C/SS/MN2C5WJC881WP_OW_T02.jpg',
 'http://newmedia.thehandsome.com/MN/2C/SS/MN2C5WJC881WP_OW_W01.jpg/dims/resize/684x1032/');
 
 insert into color(pid, ccolorname) 
 values('MN2C5WJC881WP','white');
 
 insert into product_size(pid, psize)
 values('MN2C5WJC881WP','XS');
 
 insert into product_size(pid, psize)
 values('MN2C5WJC881WP','M');
 
 insert into product_size(pid, psize)
 values('MN2C5WJC881WP','S');
 
 insert into product(pid, bno, clarge, cmedium, csmall, 
pname, pprice, pdetail, pseason, preleasedate, pimg1, pimg2, pimg3)
values('MN2C4KOT961W', 2, '여성', '아우터', '재킷','스퀘어넥 엠보 니트 재킷',695000,
'볼륨감 있는 폼폼의 쉐입을 독특한 니팅
 방식으로 표현한 마인만의 꾸띄르적 섬세함이 돋보이는 니트 재킷입니다. 부드럽고 탄탄한 코
튼 원사를 사용하여 형태감이 무너지지 않으며, 컬러를 매치한 엠블럼 버튼으로 포인트 디테일
을 더하였습니다. 이너와 함께 재킷 또는 클로징하여 탑 처럼 착용할 수 있는 활용도 높은 아 
이템입니다.', '22SS', sysdate,
      'http://newmedia.thehandsome.com/MN/2C/SS/MN2C4KOT961W_GN_T01.jpg',
      'http://newmedia.thehandsome.com/MN/2C/SS/MN2C4KOT961W_GN_T02.jpg',
 'http://newmedia.thehandsome.com/MN/2C/SS/MN2C4KOT961W_GN_W01.jpg/dims/resize/684x1032/');
 
 insert into color(pid, ccolorname) 
 values('MN2C4KOT961W','green');
 
 insert into product_size(pid, psize)
 values('MN2C4KOT961W','S');
 
 insert into product(pid, bno, clarge, cmedium, csmall, 
pname, pprice, pdetail, pseason, preleasedate, pimg1, pimg2, pimg3)
values('MW2C3WJC111WM', 7, '여성', '아우터', '재킷','린넨 블렌드 싱글 재킷',458000,
'어깨 내부에 패드를 더해 형태감이 무너 
지지 않아 단정하고 세련된 외관을 연출해주며, 정교한 테일러링이 돋보이는 재킷입니다. 린넨
을 혼방한 소재로 가볍고 쿨한 터치감으로 편안한 착용감을 전해주며, 포멀, 캐주얼 룩 모두  
아울러 매치하기 좋은 아이템입니다.', '22SS', sysdate,
      'http://newmedia.thehandsome.com/MW/2C/SS/MW2C3WJC111WM_BG_T01.jpg',
      'http://newmedia.thehandsome.com/MW/2C/SS/MW2C3WJC111WM_BG_T02.jpg',
 'http://newmedia.thehandsome.com/MW/2C/SS/MW2C3WJC111WM_BG_W01.jpg/dims/resize/684x1032/');
 
 insert into color(pid, ccolorname) 
 values('MW2C3WJC111WM','white');
 
 insert into product_size(pid, psize)
 values('MW2C3WJC111WM','XS');
 
 insert into product_size(pid, psize)
 values('MW2C3WJC111WM','S');
 
 insert into product_size(pid, psize)
 values('MW2C3WJC111WM','M');
 
 insert into product(pid, bno, clarge, cmedium, csmall, 
pname, pprice, pdetail, pseason, preleasedate, pimg1, pimg2, pimg3)
values('MW2C4WJC115W', 7, '여성', '아우터', '재킷','린넨 블렌드 포켓 싱글 재킷',498000,
'가볍게 툭 떨어지는 어깨 라인과 베 
이직한 실루엣으로 클럽 모나코만의 정교한 테일러링이 돋보이는 싱글 재킷입니다. 린넨 혼방 
소재를 사용하여 특유의 내추럴한 텍스처가 돋보이며, 같은 소재의 팬츠와 함께 셋업으로 연출
할 수 있습니다.', '22SS', sysdate,
      'http://newmedia.thehandsome.com/MW/2C/SS/MW2C4WJC115W_IN_T01.jpg',
      'http://newmedia.thehandsome.com/MW/2C/SS/MW2C4WJC115W_IN_T02.jpg',
 'http://newmedia.thehandsome.com/MW/2C/SS/MW2C4WJC115W_IN_W01.jpg/dims/resize/684x1032/');
 
 insert into color(pid, ccolorname) 
 values('MW2C4WJC115W','grey');
 
 insert into product_size(pid, psize)
 values('MW2C4WJC115W','XS');
 
 insert into product_size(pid, psize)
 values('MW2C4WJC115W','S');
 
 insert into product_size(pid, psize)
 values('MW2C4WJC115W','M');
 
 insert into product(pid, bno, clarge, cmedium, csmall, 
pname, pprice, pdetail, pseason, preleasedate, pimg1, pimg2, pimg3)
values('SY2C4WOT661W', 4, '여성', '아우터', '재킷','린넨 블렌드 포켓 재킷',359000,
'얇고 가벼운 린넨 소재를 혼방한 재킷으로
 양 옆에 시스템의 로고가 각인된 돔 버튼 여밈의 포켓으로 포인트를 살렸습니다. 크롭 기장감
으로 트렌디한 무드가 느껴지며, 베이직한 컬러감으로 어디에나 두루 잘 어울려 다양하게 활용
하기 좋은 아이템입니다.', '22SS', sysdate,
      'http://newmedia.thehandsome.com/SY/2C/SS/SY2C4WOT661W_KG_T01.jpg',
      'http://newmedia.thehandsome.com/SY/2C/SS/SY2C4WOT661W_KG_T02.jpg',
 'http://newmedia.thehandsome.com/SY/2C/SS/SY2C4WOT661W_KG_W01.jpg/dims/resize/684x1032/');
 
 insert into color(pid, ccolorname) 
 values('SY2C4WOT661W','navy');
 
 insert into color(pid, ccolorname) 
 values('SY2C4WOT661W','khaki');
 
 insert into product_size(pid, psize)
 values('SY2C4WOT661W','S');
 
 insert into product_size(pid, psize)
 values('SY2C4WOT661W','M');
 
 insert into product(pid, bno, clarge, cmedium, csmall, 
pname, pprice, pdetail, pseason, preleasedate, pimg1, pimg2, pimg3)
values('TM2C4WJCH65WP3', 1, '여성', '아우터', '재킷','울 엠블럼 자수 싱글 재킷',895000,
'고급스러운 100% 울 소재를 사용하여
 높은 퀄리티를 자랑하는 재킷으로, 가슴 한쪽의 엠블럼 자수 포켓이 포인트 디테일로 더해져 
있습니다. 깔끔한 디자인으로 다양한 이너 탑, 어느 하의와 매치하여도 스타일리시하게 연출하
기 좋은 활용도 높은 아이템입니다.', '22SS', sysdate,
      'http://newmedia.thehandsome.com/TM/2C/SS/TM2C4WJCH65WP3_KG_T01.jpg',
      'http://newmedia.thehandsome.com/TM/2C/SS/TM2C4WJCH65WP3_KG_T02.jpg',
 'http://newmedia.thehandsome.com/TM/2C/SS/TM2C4WJCH65WP3_KG_W01.jpg/dims/resize/684x1032/');
 
 insert into color(pid, ccolorname) 
 values('TM2C4WJCH65WP3','black');
 
 insert into product_size(pid, psize)
 values('TM2C4WJCH65WP3','S');
 
 insert into product_size(pid, psize)
 values('TM2C4WJCH65WP3','M');
 
 insert into product(pid, bno, clarge, cmedium, csmall, 
pname, pprice, pdetail, pseason, preleasedate, pimg1, pimg2, pimg3)
values('TM2C5WJC781W', 1, '여성', '아우터', '재킷','패디드 린넨 재킷',695000,
'어깨 내부에 패드를 더해 살짝 각이 잡힌 실루 
엣을 유지해주며, 슬림한 허리 라인과 볼륨감 있는 소매 디자인으로 타임만의 감각적인 실루엣
을 연출하는 재킷입니다. 이탈리아 수입의 100% 린넨 소재를 사용하여 고급스러움과 함께 소재
 특유의 내추럴한 무드를 연출해 줍니다. 같은 소재의 쇼츠와 함께 스타일리시한 S/S 룩을 즐 
기기에 좋습니다.', '22SS', sysdate,
      'http://newmedia.thehandsome.com/TM/2C/SS/TM2C5WJC781W_TP_T01.jpg',
      'http://newmedia.thehandsome.com/TM/2C/SS/TM2C5WJC781W_TP_T02.jpg',
 'http://newmedia.thehandsome.com/TM/2C/SS/TM2C5WJC781W_TP_W01.jpg/dims/resize/684x1032/');
 
 insert into color(pid, ccolorname) 
 values('TM2C5WJC781W','beige');
 insert into color(pid, ccolorname) 
 values('TM2C5WJC781W','brown');
 
 insert into product_size(pid, psize)
 values('TM2C5WJC781W','S');
 
 insert into product_size(pid, psize)
 values('TM2C5WJC781W','M');
 
 insert into product(pid, bno, clarge, cmedium, csmall, 
pname, pprice, pdetail, pseason, preleasedate, pimg1, pimg2, pimg3)
values('TM2C5WJC781WP1', 1, '여성', '아우터', '재킷','하운드 투스 린넨 재킷',725000,
'어깨 내부에 패드를 더해 살짝 각이 잡 
힌 실루엣을 유지해주며, 슬림한 허리 라인과 볼륨감 있는 소매 디자인으로 타임만의 감각적인
 실루엣을 연출하는 재킷입니다. 이탈리아 수입의 100% 린넨 소재를 사용하였으며, 하운드 투 
스 패턴을 더해 고급스럽게 완성했습니다. 같은 소재의 쇼츠와 함께 스타일리시한 S/S 룩을 즐
기기에 좋습니다.', '22SS', sysdate,
      'http://newmedia.thehandsome.com/TM/2C/SS/TM2C5WJC781WP1_BK_T01.jpg',
      'http://newmedia.thehandsome.com/TM/2C/SS/TM2C5WJC781WP1_BK_T02.jpg',
 'http://newmedia.thehandsome.com/TM/2C/SS/TM2C5WJC781WP1_BK_W01.jpg/dims/resize/684x1032/');
 
 insert into color(pid, ccolorname) 
 values('TM2C5WJC781WP1','grey');
 
 insert into product_size(pid, psize)
 values('TM2C5WJC781WP1','S');
 
 insert into product_size(pid, psize)
 values('TM2C5WJC781WP1','M');
 
 insert into product(pid, bno, clarge, cmedium, csmall, 
pname, pprice, pdetail, pseason, preleasedate, pimg1, pimg2, pimg3)
values('LC2C4WJC561W', 3, '여성', '아우터', '재킷','린넨 블렌드 드레이프 벌룬 재킷',825000,
'소맷단에 다양한 간격의 턱을 잡
아 볼륨감을 더해준 재킷으로 뒤 허리 라인에 턱을 잡아 자연스러운 드레이프 주름이 어우러져
 랑방 컬렉션만의 감각적인 디자인이 돋보입니다. 가볍고 얇은 린넨 혼방 소재를 사용하여 은 
은한 톤 온 톤 컬러의 스트라이프 패턴과 내추럴한 텍스처가 눈길을 끌며, 계절감이 물씬 느껴
집니다.', '22SS', sysdate,
      'http://newmedia.thehandsome.com/LC/2C/SS/LC2C4WJC561W_LE_T01.jpg',
      'http://newmedia.thehandsome.com/LC/2C/SS/LC2C4WJC561W_LE_T02.jpg',
 'http://newmedia.thehandsome.com/LC/2C/SS/LC2C4WJC561W_LE_W01.jpg/dims/resize/684x1032/');
 
 insert into color(pid, ccolorname) 
 values('LC2C4WJC561W','grey');
 insert into color(pid, ccolorname) 
 values('LC2C4WJC561W','beige');
 
 insert into product_size(pid, psize)
 values('LC2C4WJC561W','S');
 
 insert into product_size(pid, psize)
 values('LC2C4WJC561W','M');
 
 insert into product(pid, bno, clarge, cmedium, csmall, 
pname, pprice, pdetail, pseason, preleasedate, pimg1, pimg2, pimg3)
values('TM2C4WJCS62W', 1, '여성', '아우터', '재킷','린넨 싱글 재킷',845000,
'여유로운 실루엣과 긴 기장감으로 클래식하면서도
 세련된 무드를 연출하는 싱글 재킷입니다. 수입 소재인 100% 린넨 소재로 고급스러운 터치감 
을 자랑하며, 어깨 내부에 캡을 더해 형태감이 무너지지 않아 단정한 외관을 자아냅니다. 같은
 소재의 쇼츠를 셋업으로 연출할 수 있습니다.', '22SS', sysdate,
      'http://newmedia.thehandsome.com/TM/2C/SS/TM2C4WJCS62W_TP_T01.jpg',
      'http://newmedia.thehandsome.com/TM/2C/SS/TM2C4WJCS62W_TP_T02.jpg',
 'http://newmedia.thehandsome.com/TM/2C/SS/TM2C4WJCS62W_TP_W01.jpg/dims/resize/684x1032/');
 
 insert into color(pid, ccolorname) 
 values('TM2C4WJCS62W','beige');
 
 insert into product_size(pid, psize)
 values('TM2C4WJCS62W','S');
 
 
 insert into product(pid, bno, clarge, cmedium, csmall, 
pname, pprice, pdetail, pseason, preleasedate, pimg1, pimg2, pimg3)
values('SY2C1WJS738WM1', 4, '여성', '아우터', '재킷','플랩 포켓 더블 재킷',439000,
'가볍게 툭 떨어지는 어깨 라인과 세미 오 
버핏 실루엣으로 시스템만의 스타일리시한 감각이 돋보이는 더블 재킷입니다. 언뜻 보기에 마 
치 린넨 느낌의 텍스처로 내추럴한 무드를 한층 더했으며, 어디에나 두루 어울리는 컬러감으로
 다양한 룩에 가볍게 걸쳐 스타일링 하기 좋은 아이템입니다.', '22SS', sysdate,
      'http://newmedia.thehandsome.com/SY/2C/SS/SY2C1WJS738WM1_AP_T01.jpg',
      'http://newmedia.thehandsome.com/SY/2C/SS/SY2C1WJS738WM1_AP_T02.jpg',
 'http://newmedia.thehandsome.com/SY/2C/SS/SY2C1WJS738WM1_AP_W01.jpg/dims/resize/684x1032/');
 
 insert into color(pid, ccolorname) 
 values('SY2C1WJS738WM1','pink');
 
 insert into product_size(pid, psize)
 values('SY2C1WJS738WM1','S');
 insert into product_size(pid, psize)
 values('SY2C1WJS738WM1','M');
 
 insert into product(pid, bno, clarge, cmedium, csmall, 
pname, pprice, pdetail, pseason, preleasedate, pimg1, pimg2, pimg3)
values('IL2C4WJC378W', 9, '여성', '아우터', '재킷','린넨 블렌드 핀턱 싱글 재킷',695000,
'린넨과 면을 혼방한 소재를 사용하여
 계절감이 물씬 느껴지며, 내추럴한 텍스처가 눈길을 끄는 재킷입니다. 부분적으로 입체감 있 
는 핀턱을 잡아 실루엣을 강조하여주며 래트만의 정교한 테일러링이 돋보입니다. 같은 소재의 
스커트와 함께 셋업으로 연출할 수 있습니다.', '22SS', sysdate,
      'http://newmedia.thehandsome.com/IL/2C/SS/IL2C4WJC378W_BS_T01.jpg',
      'http://newmedia.thehandsome.com/IL/2C/SS/IL2C4WJC378W_BS_T02.jpg',
 'http://newmedia.thehandsome.com/IL/2C/SS/IL2C4WJC378W_BS_W01.jpg/dims/resize/684x1032/');
 
 insert into color(pid, ccolorname) 
 values('IL2C4WJC378W','pink');
 insert into color(pid, ccolorname) 
 values('IL2C4WJC378W','green');
 
 insert into product_size(pid, psize)
 values('IL2C4WJC378W','S');
 insert into product_size(pid, psize)
 values('IL2C4WJC378W','M');
 
 insert into product(pid, bno, clarge, cmedium, csmall, 
pname, pprice, pdetail, pseason, preleasedate, pimg1, pimg2, pimg3)
values('MN2C3WOT941WP', 2, '여성', '아우터', '재킷','하프 트렌치 재킷',695000,
'클래식한 트렌치 디자인의 요소를 MINE만의 감
각으로 재해석하여 S/S 시즌 무드와 트렌디함을 살렸습니다. 면과 스판 혼방 소재로 편안한 착
용감을 선사하며, 시그니처 로고 버튼을 블록하여 포인트 주었습니다. 날씨 혹은 스타일링에  
따라 연출할 수 있어 실용적이며 간절기에 어디에나 두루 어울리기 좋은 아이템입니다.', '22SS', sysdate,
      'http://newmedia.thehandsome.com/MN/2C/SS/MN2C3WOT941WP_IV_T01.jpg',
      'http://newmedia.thehandsome.com/MN/2C/SS/MN2C3WOT941WP_IV_T02.jpg',
 'http://newmedia.thehandsome.com/MN/2C/SS/MN2C3WOT941WP_IV_W01.jpg/dims/resize/684x1032/');
 
 insert into color(pid, ccolorname) 
 values('MN2C3WOT941WP','white');
 
 insert into product_size(pid, psize)
 values('MN2C3WOT941WP','S');
 insert into product_size(pid, psize)
 values('MN2C3WOT941WP','XS');
 
 insert into product(pid, bno, clarge, cmedium, csmall, 
pname, pprice, pdetail, pseason, preleasedate, pimg1, pimg2, pimg3)
values('SJ2C1WJC229WM', 5, '여성', '아우터', '재킷','더블 버튼 재킷',375000,
'클래식한 더블 브레스티드 재킷입니다. 베이직한
 디자인으로 어디에나 매치하여 스타일링하기 간편하며 심플하면서 고급스러운 버튼이 돋보이 
는 아이템입니다. 뒷면 하단 슬릿으로 활동성도 높여주었습니다.', '22SS', sysdate,
      'http://newmedia.thehandsome.com/SJ/2C/SS/SJ2C1WJC229WM_BK_T01.jpg',
      'http://newmedia.thehandsome.com/SJ/2C/SS/SJ2C1WJC229WM_BK_T02.jpg',
 'http://newmedia.thehandsome.com/SJ/2C/SS/SJ2C1WJC229WM_BK_W01.jpg/dims/resize/684x1032/');
 
 insert into color(pid, ccolorname) 
 values('SJ2C1WJC229WM','black');
 insert into color(pid, ccolorname) 
 values('SJ2C1WJC229WM','beige');
 insert into color(pid, ccolorname) 
 values('SJ2C1WJC229WM','pink');
 
 insert into product_size(pid, psize)
 values('SJ2C1WJC229WM','S');
 insert into product_size(pid, psize)
 values('SJ2C1WJC229WM','XS');
 
 insert into product_size(pid, psize)
 values('SJ2C1WJC229WM','M');
 
 insert into product(pid, bno, clarge, cmedium, csmall, 
pname, pprice, pdetail, pseason, preleasedate, pimg1, pimg2, pimg3)
values('SY2C3WJS742W', 4, '여성', '아우터', '재킷','린넨 블렌드 자수 싱글 재킷',599000,
'린넨 혼방 소재를 사용하여 다채로운
 컬러의 원사를 믹스하여 내추럴한 텍스처로 매력적인 외관이 눈길을 끄는 재킷입니다. 가볍게
 툭 떨어지는 어깨 라인과 세미 오버 사이즈 실루엣으로 시스템만의 정교한 테일러링이 돋보입
니다. 가슴 한쪽 포켓에 시그니처 패턴과 레터링 자수를 블록하여 섬세한 디테일 포인트를 더 
했습니다.', '22SS', sysdate,
      'http://newmedia.thehandsome.com/SY/2C/SS/SY2C3WJS742W_LB_T01.jpg',
      'http://newmedia.thehandsome.com/SY/2C/SS/SY2C3WJS742W_LB_T02.jpg',
 'http://newmedia.thehandsome.com/SY/2C/SS/SY2C3WJS742W_LB_W01.jpg/dims/resize/684x1032/');
 
 insert into color(pid, ccolorname) 
 values('SY2C3WJS742W','grey');
 insert into color(pid, ccolorname) 
 values('SY2C3WJS742W','beige');
 
 insert into product_size(pid, psize)
 values('SY2C3WJS742W','S');
 insert into product_size(pid, psize)
 values('SY2C3WJS742W','M');
 
 insert into product(pid, bno, clarge, cmedium, csmall, 
pname, pprice, pdetail, pseason, preleasedate, pimg1, pimg2, pimg3)
values('LC2C3WJC544WM4', 3, '여성', '아우터', '재킷','린넨 블렌드 벨티드 더블 재킷',895000,
'로고 레터링으로 이루어진 랑방 
컬렉션만의 아이코닉한 버튼으로 포인트를 준 재킷입니다. 소매 안쪽에 턱 디테일로 디자인의 
풍성한 볼륨을 극대화 하였습니다. 레더 벨트를 함께 구성하여 허리를 강조한 스타일링이 가능
한 아이템입니다.', '22SS', sysdate,
      'http://newmedia.thehandsome.com/LC/2C/SS/LC2C3WJC544WM4_KE_T01.jpg',
      'http://newmedia.thehandsome.com/LC/2C/SS/LC2C3WJC544WM4_KE_T02.jpg',
 'http://newmedia.thehandsome.com/LC/2C/SS/LC2C3WJC544WM4_KE_W01.jpg/dims/resize/684x1032/');
 
 insert into color(pid, ccolorname) 
 values('LC2C3WJC544WM4','yellow');
 insert into color(pid, ccolorname) 
 values('LC2C3WJC544WM4','white');
 
 insert into product_size(pid, psize)
 values('LC2C3WJC544WM4','S');
 insert into product_size(pid, psize)
 values('LC2C3WJC544WM4','M');
 
 insert into product(pid, bno, clarge, cmedium, csmall, 
pname, pprice, pdetail, pseason, preleasedate, pimg1, pimg2, pimg3)
values('IL2C4NOT493W', 9, '여성', '아우터', '재킷','칼라리스 플랩 재킷',565000,
'깔끔한 아웃핏을 자랑하는 칼라리스 디자인의
 재킷으로, 래트만의 고급스러운 메탈 버튼으로 섬세한 디테일을 더했습니다. 가슴 한쪽에 플 
랩 장식을 더해 포인트를 살렸으며, 베이직한 컬러감으로 어디에나 두루 잘 어울려 데일리 아 
이템으로 활용하기 좋습니다.', '22SS', sysdate,
      'http://newmedia.thehandsome.com/IL/2C/SS/IL2C4NOT493W_LE_T01.jpg',
      'http://newmedia.thehandsome.com/IL/2C/SS/IL2C4NOT493W_LE_T02.jpg',
 'http://newmedia.thehandsome.com/IL/2C/SS/IL2C4NOT493W_LE_W01.jpg/dims/resize/684x1032/');
 
 insert into color(pid, ccolorname) 
 values('IL2C4NOT493W','beige');
 insert into color(pid, ccolorname) 
 values('IL2C4NOT493W','white');
 
 insert into product_size(pid, psize)
 values('IL2C4NOT493W','S');
 insert into product_size(pid, psize)
 values('IL2C4NOT493W','M');
 
 insert into product(pid, bno, clarge, cmedium, csmall, 
pname, pprice, pdetail, pseason, preleasedate, pimg1, pimg2, pimg3)
values('OB2C4WJC048W', 8, '여성', '아우터', '재킷','컬러 라인 브레이드 재킷',695000,
'꾸뛰르적 요소와 오브제만의 
섬세하고 페미닌한 무드가 어우러진 재킷으로 고급스러운 디테일과 트렌디한 실루엣이 눈길을 
끕니다. 끝단에 브레이드 라인을 더해 형태감을 유지해주며, 칼라리스 디자인으로 한층 간결하
게 완성했습니다. 같은 소재의 쇼츠와 함께 셋업으로 스타일리시하게 연출할 수 있습니다.', '22SS', sysdate,
      'http://newmedia.thehandsome.com/OB/2C/SS/OB2C4WJC048W_IV_T01.jpg',
      'http://newmedia.thehandsome.com/OB/2C/SS/OB2C4WJC048W_IV_T02.jpg',
 'http://newmedia.thehandsome.com/OB/2C/SS/OB2C4WJC048W_IV_W01.jpg/dims/resize/684x1032/');
 
 insert into color(pid, ccolorname) 
 values('OB2C4WJC048W','white');
 insert into product_size(pid, psize)
 values('OB2C4WJC048W','XS');
 insert into product_size(pid, psize)
 values('OB2C4WJC048W','S');
 insert into product_size(pid, psize)
 values('OB2C4WJC048W','M');
 
 insert into product(pid, bno, clarge, cmedium, csmall, 
pname, pprice, pdetail, pseason, preleasedate, pimg1, pimg2, pimg3)
values('OB2C4WOT040W', 8, '여성', '아우터', '재킷','린넨 블렌드 스티치 라인 재킷',495000,
'린넨과 면을 혼방한 소 
재를 사용하여 내추럴한 텍스처가 눈길을 끄는 재킷입니다. 배색 스티치 라인과 포켓과 소맷단
에 톤 온 톤 배색 라인을 레이어하여 오브제만의 섬세한 포인트 디테일을 살렸습니다. 같은 소
재의 팬츠와 함께 셋업으로 연출할 수 있습니다.', '22SS', sysdate,
      'http://newmedia.thehandsome.com/OB/2C/SS/OB2C4WOT040W_IN_T01.jpg',
      'http://newmedia.thehandsome.com/OB/2C/SS/OB2C4WOT040W_IN_T02.jpg',
 'http://newmedia.thehandsome.com/OB/2C/SS/OB2C4WOT040W_IN_W01.jpg/dims/resize/684x1032/');
 insert into color(pid, ccolorname) 
 values('OB2C4WOT040W','blue');
 insert into product_size(pid, psize)
 values('OB2C4WOT040W','XS');
 insert into product_size(pid, psize)
 values('OB2C4WOT040W','S');
 
 insert into product(pid, bno, clarge, cmedium, csmall, 
pname, pprice, pdetail, pseason, preleasedate, pimg1, pimg2, pimg3)
values('OB2C4WJC047W', 8, '여성', '아우터', '재킷','린넨 블렌드 벨티드 싱글 재킷',645000,
'여유로운 실루엣과 볼륨
감 있는 소매가 눈길을 끌며, 린넨 혼방 소재를 사용하여 다채로운 원사를 믹스한 멜란지 컬러
감의 내추럴한 텍스처가 돋보이는 재킷입니다. 벨트를 함께 구성하여 실루엣 조절이 용이하며, 포인트 아이템으로도 연출할 수 있습니다.', '22SS', sysdate,
      'http://newmedia.thehandsome.com/OB/2C/SS/OB2C4WJC047W_BC_T01.jpg',
      'http://newmedia.thehandsome.com/OB/2C/SS/OB2C4WJC047W_BC_T02.jpg',
 'http://newmedia.thehandsome.com/OB/2C/SS/OB2C4WJC047W_BC_W01.jpg/dims/resize/684x1032/');
 
 insert into color(pid, ccolorname) 
 values('OB2C4WJC047W','brown');
 insert into color(pid, ccolorname) 
 values('OB2C4WJC047W','yellow');
 insert into product_size(pid, psize)
 values('OB2C4WJC047W','XS');
 insert into product_size(pid, psize)
 values('OB2C4WJC047W','S');
 
 -- 이거 삭제해야함
 insert into product(pid, bno, clarge, cmedium, csmall, 
pname, pprice, pdetail, pseason, preleasedate, pimg1, pimg2, pimg3)
values('http://newmedia.thehandsome.com/OB/2C/SS/OB2C4WJC047W_BC_W01.jpg/dims/resize/684x1032/', 7, '여성', '아우터', '재킷','린넨 블렌드 싱글 재킷',498000,
'넉넉한 실루엣과 긴 기장감으로 클래식하
면서도 세련된 무드를 연출하는 싱글 재킷입니다. 은은한 헤링본 텍스처가 고급스러움을 더하 
며, 깔끔하게 직선으로 떨어지는 라인으로 매니시한 무드를 연출합니다. S/S 시즌에 걸맞는 소
재감과 터치감으로 다양한 이너와 함께 매치하여 착용하기 좋습니다.', '22SS', sysdate,
      'http://newmedia.thehandsome.com/MW/2C/SS/MW2C4WJC115WM_LE_T01.jpg',
      'http://newmedia.thehandsome.com/MW/2C/SS/MW2C4WJC115WM_LE_T02.jpg',
 'http://newmedia.thehandsome.com/MW/2C/SS/MW2C4WJC115WM_LE_W01.jpg/dims/resize/684x1032/');
 
 
 insert into product(pid, bno, clarge, cmedium, csmall, 
pname, pprice, pdetail, pseason, preleasedate, pimg1, pimg2, pimg3)
values('SY2C5WJS740W', 4, '여성', '아우터', '재킷','린넨 블렌드 싱글 재킷',499000,
'고급스러운 린넨 블렌드 소재로 높은 퀄리
티를 자랑하는 재킷입니다. 클래식한 싱글 재킷 디자인으로 스타일을 완성하기 좋으며, 시스템
의 로고가 각인된 버튼으로 포인트 디테일을 살렸습니다. 차분한 컬러감으로 어디에나 두루 잘
 어울려 포멀룩 캐주얼룩 모두 아울러서 활용할 수 있는 아이템입니다.', '22SS', sysdate,
      'http://newmedia.thehandsome.com/SY/2C/SS/SY2C5WJS740W_NL_T01.jpg',
      'http://newmedia.thehandsome.com/SY/2C/SS/SY2C5WJS740W_NL_T02.jpg',
 'http://newmedia.thehandsome.com/SY/2C/SS/SY2C5WJS740W_NL_W01.jpg/dims/resize/684x1032/');
 insert into color(pid, ccolorname) 
 values('SY2C5WJS740W','grey');
 insert into product_size(pid, psize)
 values('SY2C5WJS740W','S');
 insert into product_size(pid, psize)
 values('SY2C5WJS740W','M');
 
 insert into product(pid, bno, clarge, cmedium, csmall, 
pname, pprice, pdetail, pseason, preleasedate, pimg1, pimg2, pimg3)
values('SJ2C4WJC248W', 5, '여성', '아우터', '재킷','칼라리스 버튼 재킷',375000,
'군더더기 없이 깔끔한 디자인의 재킷으로 어 
깨 라인을 따라 SJSJ만의 아이코닉한 버튼 장식을 더해 포인트를 주었습니다. 앞 여밈을 접어 
칼라로도 연출이 가능하며, 여밈이 없는 오픈 타입으로 한층 간결하게 완성했습니다. 포멀, 캐
주얼룩 모두 아울러 매치하기 좋은 활용도 높은 아이템입니다.', '22SS', sysdate,
      'http://newmedia.thehandsome.com/SJ/2C/SS/SJ2C4WJC248W_BK_T01.jpg',
      'http://newmedia.thehandsome.com/SJ/2C/SS/SJ2C4WJC248W_BK_T02.jpg',
 'http://newmedia.thehandsome.com/SJ/2C/SS/SJ2C4WJC248W_BK_W01.jpg/dims/resize/684x1032/');
 
 insert into color(pid, ccolorname) 
 values('SJ2C4WJC248W','black');
 insert into color(pid, ccolorname) 
 values('SJ2C4WJC248W','white');
 insert into product_size(pid, psize)
 values('SJ2C4WJC248W','S');
 insert into product_size(pid, psize)
 values('SJ2C4WJC248W','M');
 insert into product_size(pid, psize)
 values('SJ2C4WJC248W','XS');
 
 insert into product(pid, bno, clarge, cmedium, csmall, 
pname, pprice, pdetail, pseason, preleasedate, pimg1, pimg2, pimg3)
values('MN2C4WJC861W', 2, '여성', '아우터', '재킷','린넨 칼라리스 재킷',695000,
'깔끔한 넥 라인의 칼라리스 디자인의 재킷으 
로 린넨 소재를 사용해 컬러의 원사를 믹스 매치한 텍스처가 눈길을 끕니다. 한쪽 가슴 포켓과
 마인만의 크리스탈 로고 버튼으로 세련미를 더해주었습니다. 다양한 하의와 함께 매치하여 포
인트 주기 좋은 아이템입니다.', '22SS', sysdate,
      'http://newmedia.thehandsome.com/MN/2C/SS/MN2C4WJC861W_CM_T01.jpg',
      'http://newmedia.thehandsome.com/MN/2C/SS/MN2C4WJC861W_CM_T02.jpg',
 'http://newmedia.thehandsome.com/MN/2C/SS/MN2C4WJC861W_CM_W01.jpg/dims/resize/684x1032/');
 
 insert into color(pid, ccolorname) 
 values('MN2C4WJC861W','brown');
 insert into color(pid, ccolorname) 
 values('MN2C4WJC861W','yellow');
 insert into product_size(pid, psize)
 values('MN2C4WJC861W','S');
 insert into product_size(pid, psize)
 values('MN2C4WJC861W','M');
 insert into product_size(pid, psize)
 values('MN2C4WJC861W','XS');
 
 insert into product(pid, bno, clarge, cmedium, csmall, 
pname, pprice, pdetail, pseason, preleasedate, pimg1, pimg2, pimg3)
values('MN2C4NOT963W', 2, '여성', '아우터', '재킷','린넨 블렌드 브레이드 재킷',795000,
'부드럽고 유연한 데님 텍스처에 여유
로운 실루엣까지 더해진 재킷으로 캐주얼한 분위기를 강조해 줍니다. 넥 라인과 앞여밈, 포켓 
라인을 따라 브레이드 마감하여 섬세한 포인트 디테일을 살렸습니다. 단품으로도 스타일리시하
게 연출하기 좋은 아이템입니다.', '22SS', sysdate,
      'http://newmedia.thehandsome.com/MN/2C/SS/MN2C4NOT963W_IN_T01.jpg',
      'http://newmedia.thehandsome.com/MN/2C/SS/MN2C4NOT963W_IN_T02.jpg',
 'http://newmedia.thehandsome.com/MN/2C/SS/MN2C4NOT963W_IN_W01.jpg/dims/resize/684x1032/');
 
 insert into color(pid, ccolorname) 
 values('MN2C4NOT963W','blue');
 insert into product_size(pid, psize)
 values('MN2C4NOT963W','S');
 insert into product_size(pid, psize)
 values('MN2C4NOT963W','M');
 insert into product_size(pid, psize)
 values('MN2C4NOT963W','XS');
 
 insert into product(pid, bno, clarge, cmedium, csmall, 
pname, pprice, pdetail, pseason, preleasedate, pimg1, pimg2, pimg3)
values('MN2C4WJC864WP1', 2, '여성', '아우터', '재킷','크롭 싱글 재킷',595000,
'꾸뛰르적 요소와 마인만의 세련되고 페이닌한  
무드가 어우러진 재킷으로 고급스러운 디테일과 트렌디한 실루엣이 눈길을 끕니다. 크롭 기장 
감으로 트렌디한 감각이 돋보이며, 은은한 반짝임이 있는 크리스탈을 블록한 버튼을 더해 포인
트를 주었습니다.', '22SS', sysdate,
      'http://newmedia.thehandsome.com/MN/2C/SS/MN2C4WJC864WP1_LE_T01.jpg',
      'http://newmedia.thehandsome.com/MN/2C/SS/MN2C4WJC864WP1_LE_T02.jpg',
 'http://newmedia.thehandsome.com/MN/2C/SS/MN2C4WJC864WP1_LE_W01.jpg/dims/resize/684x1032/');
 
 insert into color(pid, ccolorname) 
 values('MN2C4WJC864WP1','yellow');
 insert into color(pid, ccolorname) 
 values('MN2C4WJC864WP1','pink');
 insert into product_size(pid, psize)
 values('MN2C4WJC864WP1','S');
 insert into product_size(pid, psize)
 values('MN2C4WJC864WP1','M');
 insert into product_size(pid, psize)
 values('MN2C4WJC864WP1','XS');
 
 insert into product(pid, bno, clarge, cmedium, csmall, 
pname, pprice, pdetail, pseason, preleasedate, pimg1, pimg2, pimg3)
values('TM2C4WJCH65WP1', 1, '여성', '아우터', '재킷','엠블럼 자수 싱글 재킷',865000,
'가슴 한쪽의 엠블럼 자수 포켓이 특징인
 재킷입니다. 스판 혼방 소재로 편안한 착용감을 제공해주며, 포멀룩과 캐주얼룩 모두 아울러 
스타일을 완성하기 좋습니다. 다양한 이너 탑과 하의에 매치하여도 스타일리시하게 연출하기  
좋은 활용도 높은 아이템입니다.', '22SS', sysdate,
      'http://newmedia.thehandsome.com/TM/2C/SS/TM2C4WJCH65WP1_BK_T01.jpg',
      'http://newmedia.thehandsome.com/TM/2C/SS/TM2C4WJCH65WP1_BK_T02.jpg',
 'http://newmedia.thehandsome.com/TM/2C/SS/TM2C4WJCH65WP1_BK_W01.jpg/dims/resize/684x1032/');
 
 insert into color(pid, ccolorname) 
 values('TM2C4WJCH65WP1','black');
 insert into product_size(pid, psize)
 values('TM2C4WJCH65WP1','S');
 
 insert into product(pid, bno, clarge, cmedium, csmall, 
pname, pprice, pdetail, pseason, preleasedate, pimg1, pimg2, pimg3)
values('TM2C1WJCS21WP6', 1, '여성', '아우터', '재킷','더블 브레스티드 재킷',695000,
'클래식한 무드를 풍기는 더블 브레스티드
 여밈과 여유 있는 실루엣이 조화를 이루어 색다른 멋이 느껴지는 재킷입니다. 베이직한 컬러 
감으로 다양한 하의와 매치하기 용이하며, 오직 타임에서만 볼 수 있는 로고 버튼으로 세련미 
를 더해주었습니다.', '22SS', sysdate,
      'http://newmedia.thehandsome.com/TM/2C/SS/TM2C1WJCS21WP6_BK_T01.jpg',
      'http://newmedia.thehandsome.com/TM/2C/SS/TM2C1WJCS21WP6_BK_T02.jpg',
 'http://newmedia.thehandsome.com/TM/2C/SS/TM2C1WJCS21WP6_BK_W01.jpg/dims/resize/684x1032/');
 
 insert into color(pid, ccolorname) 
 values('TM2C1WJCS21WP6','black');
 insert into color(pid, ccolorname) 
 values('TM2C1WJCS21WP6','beige');
 insert into product_size(pid, psize)
 values('TM2C1WJCS21WP6','S');
 insert into product_size(pid, psize)
 values('TM2C1WJCS21WP6','M');
 
 insert into product(pid, bno, clarge, cmedium, csmall, 
pname, pprice, pdetail, pseason, preleasedate, pimg1, pimg2, pimg3)
values('TM2C1WJCS21WP4', 1, '여성', '아우터', '재킷','턴업 재킷 n 스트라이프 머플러',1050000,
'클래식한 무드를 불어 넣어주는
 더블 브레스티드 디자인의 재킷에 가디건을 걸친 듯한 느낌으로 연출할 수 있는 머플러를 함 
께 구성하여 보다 스타일리시한 연출이 가능합니다. 소맷단을 한 단 접어서 고정하여 타임만의
 감각적인 디자인이 돋보입니다.', '22SS', sysdate,
      'http://newmedia.thehandsome.com/TM/2C/SS/TM2C1WJCS21WP4_DN_T01.jpg',
      'http://newmedia.thehandsome.com/TM/2C/SS/TM2C1WJCS21WP4_DN_T02.jpg',
 'http://newmedia.thehandsome.com/TM/2C/SS/TM2C1WJCS21WP4_DN_W01.jpg/dims/resize/684x1032/');
 
 insert into color(pid, ccolorname) 
 values('TM2C1WJCS21WP4','grey');
 insert into product_size(pid, psize)
 values('TM2C1WJCS21WP4','S');
 
 insert into product(pid, bno, clarge, cmedium, csmall, 
pname, pprice, pdetail, pseason, preleasedate, pimg1, pimg2, pimg3)
values('TM2C1KOT127WM3', 1, '여성', '아우터', '재킷','글리터 니팅 오픈 재킷',865000,
'꾸띄르적 요소와 TIME만의 고급스럽고  
여유로운 스타일이 어우러진 재킷입니다. 은은한 반짝임의 글리터 원사를 믹스한 독특하고 내 
추럴한 텍스처가 눈길을 끌며, 칼라리스 디자인과 여밈이 없는 오픈형 디자인으로 간결하게 완
성했습니다. 넥 라인부터 여밈을 따라 브레이드 텍스처가 이중으로 레이어된 트리밍과 어깨 내
부에 패드를 넣어 형태감을 강조해줍니다.', '22SS', sysdate,
      'http://newmedia.thehandsome.com/TM/2C/SS/TM2C1KOT127WM3_CR_T01.jpg',
      'http://newmedia.thehandsome.com/TM/2C/SS/TM2C1KOT127WM3_CR_T02.jpg',
 'http://newmedia.thehandsome.com/TM/2C/SS/TM2C1KOT127WM3_CR_W01.jpg/dims/resize/684x1032/');
 
 insert into color(pid, ccolorname) 
 values('TM2C1KOT127WM3','white');
 insert into product_size(pid, psize)
 values('TM2C1KOT127WM3','S');
 
 insert into product(pid, bno, clarge, cmedium, csmall, 
pname, pprice, pdetail, pseason, preleasedate, pimg1, pimg2, pimg3)
values('LC2C4WOT968W', 3, '여성', '아우터', '재킷','린넨 블렌드 드롭 숄더 재킷',795000,
'린넨 혼방 소재를 사용하여 내추럴한
 텍스처가 돋보이며, 드롭 숄더 디자인으로 여유로운 실루엣을 한층 강조하여주는 재킷입니다. 소맷단에 턱과 슬릿을 더해 볼륨감을 주었으며, 한단 접어 턴업하여 스타일리시하게 연출할  
수 있습니다.', '22SS', sysdate,
      'http://newmedia.thehandsome.com/LC/2C/SS/LC2C4WOT968W_BG_T01.jpg',
      'http://newmedia.thehandsome.com/LC/2C/SS/LC2C4WOT968W_BG_T02.jpg',
 'http://newmedia.thehandsome.com/LC/2C/SS/LC2C4WOT968W_BG_W01.jpg/dims/resize/684x1032/');
 
 insert into color(pid, ccolorname) 
 values('LC2C4WOT968W','beige');
 insert into color(pid, ccolorname) 
 values('LC2C4WOT968W','blue');
 insert into product_size(pid, psize)
 values('LC2C4WOT968W','S');
 insert into product_size(pid, psize)
 values('LC2C4WOT968W','M');
 
 insert into product(pid, bno, clarge, cmedium, csmall, 
pname, pprice, pdetail, pseason, preleasedate, pimg1, pimg2, pimg3)
values('TM2C4WJCH64W', 1, '여성', '아우터', '재킷','린넨 블렌드 엠블럼 자수 싱글 재킷',985000,
'고급스러운 린넨 블렌드 소재
로 높은 퀄리티를 자랑하는 재킷입니다. 가슴 한쪽의 엠블럼 자수 포켓이 돋보이며, 아이코닉 
한 금속버튼으로 마무리 되었습니다. 클래식한 타임리스 디자인으로 스타일을 완성하기 좋으며
, 같은 소재의 팬츠와 셋업하여 착용하기 좋은 아이템입니다.', '22SS', sysdate,
      'http://newmedia.thehandsome.com/TM/2C/SS/TM2C4WJCH64W_NL_T01.jpg',
      'http://newmedia.thehandsome.com/TM/2C/SS/TM2C4WJCH64W_NL_T02.jpg',
 'http://newmedia.thehandsome.com/TM/2C/SS/TM2C4WJCH64W_NL_W01.jpg/dims/resize/684x1032/');
 
 insert into color(pid, ccolorname) 
 values('TM2C4WJCH64W','beige');
 insert into product_size(pid, psize)
 values('TM2C4WJCH64W','S');
 
 insert into product(pid, bno, clarge, cmedium, csmall, 
pname, pprice, pdetail, pseason, preleasedate, pimg1, pimg2, pimg3)
values('TM2C4WJC761W', 1, '여성', '아우터', '재킷','오픈 크롭 재킷',565000,
'여밈이 없는 오픈 타입으로 한층 간결하게 완성된
 재킷입니다. 금속 체인으로 클로징 하여 미니멀한 디자인에 아이코닉한 디테일로 포인트를 주
었습니다. 크롭한 기장감으로 다양한 하의나 드레스와도 매치하기 좋은 아이템입니다.', '22SS', sysdate,
      'http://newmedia.thehandsome.com/TM/2C/SS/TM2C4WJC761W_BK_T01.jpg',
      'http://newmedia.thehandsome.com/TM/2C/SS/TM2C4WJC761W_BK_T02.jpg',
 'http://newmedia.thehandsome.com/TM/2C/SS/TM2C4WJC761W_BK_W01.jpg/dims/resize/684x1032/');
 
 insert into color(pid, ccolorname) 
 values('TM2C4WJC761W','black');
 insert into product_size(pid, psize)
 values('TM2C4WJC761W','S');
 
 
 insert into product(pid, bno, clarge, cmedium, csmall, 
pname, pprice, pdetail, pseason, preleasedate, pimg1, pimg2, pimg3)
values('TM2C4WJCH62W', 1, '여성', '아우터', '재킷','울 블렌드 크롭 재킷 n 브로치',695000,
'어깨 내부에 패드를 더해 형태감이 
무너지지 않아 단정하고 세련된 외관을 연출해주는 재킷입니다. 타임만의 정교한 테일러링이  
돋보이며, 크롭 기장감으로 트렌디한 감각을 더했습니다. 여밈이 없는 오픈 타입으로 한층 간 
결하게 완성했습니다. 탈부착 가능한 플로럴 브로치를 함께 구성하여 포인트 아이템으로도 연 
출할 수 있습니다.', '22SS', sysdate,
      'http://newmedia.thehandsome.com/TM/2C/SS/TM2C4WJCH62W_SG_T01.jpg',
      'http://newmedia.thehandsome.com/TM/2C/SS/TM2C4WJCH62W_SG_T02.jpg',
 'http://newmedia.thehandsome.com/TM/2C/SS/TM2C4WJCH62W_SG_W01.jpg/dims/resize/684x1032/');
 insert into color(pid, ccolorname) 
 values('TM2C4WJCH62W','khaki');
 insert into product_size(pid, psize)
 values('TM2C4WJCH62W','S');
 
 insert into product(pid, bno, clarge, cmedium, csmall, 
pname, pprice, pdetail, pseason, preleasedate, pimg1, pimg2, pimg3)
values('TM2C4WJCH61W', 1, '여성', '아우터', '재킷','칼라리스 크롭 재킷',565000,
'군더더기 없이 깔끔한 디자인의 재킷으로 어 
깨 내부에 캡을 더해 한층 정돈된 외관을 자랑합니다. 칼라리스 디자인으로 간결하게 완성하였
으며, 가슴 양쪽에 플랩 포켓을 더해 실용성을 겸비하였습니다.', '22SS', sysdate,
      'http://newmedia.thehandsome.com/TM/2C/SS/TM2C4WJCH61W_BK_T01.jpg',
      'http://newmedia.thehandsome.com/TM/2C/SS/TM2C4WJCH61W_BK_T02.jpg',
 'http://newmedia.thehandsome.com/TM/2C/SS/TM2C4WJCH61W_BK_W01.jpg/dims/resize/684x1032/');
 
 insert into color(pid, ccolorname) 
 values('TM2C4WJCH61W','black');
 insert into product_size(pid, psize)
 values('TM2C4WJCH61W','S');
 
 insert into product(pid, bno, clarge, cmedium, csmall, 
pname, pprice, pdetail, pseason, preleasedate, pimg1, pimg2, pimg3)
values('TM2C4WJC762WP2', 1, '여성', '아우터', '재킷','린넨 레터링 자수 크롭 재킷',675000,
'크롭한 기장감으로 트렌디한 감각 
이 돋보이며, 가슴 한쪽 포켓에 아이코닉한 자수 패치를 블록 하여 포인트를 준 재킷입니다.  
어깨 내장 캡을 더해 깔끔한 라인을 연출하고, 타임에서만 볼 수 있는 로고 버튼으로 고급스러
운 느낌이 물씬 느껴집니다.', '22SS', sysdate,
      'http://newmedia.thehandsome.com/TM/2C/SS/TM2C4WJC762WP2_KE_T01.jpg',
      'http://newmedia.thehandsome.com/TM/2C/SS/TM2C4WJC762WP2_KE_T02.jpg',
 'http://newmedia.thehandsome.com/TM/2C/SS/TM2C4WJC762WP2_KE_W01.jpg/dims/re');
 
 insert into color(pid, ccolorname) 
 values('TM2C4WJC762WP2','beige');
 insert into product_size(pid, psize)
 values('TM2C4WJC762WP2','S');
 insert into product_size(pid, psize)
 values('TM2C4WJC762WP2','M');
 
 insert into product(pid, bno, clarge, cmedium, csmall, 
pname, pprice, pdetail, pseason, preleasedate, pimg1, pimg2, pimg3)
values('TM2C4WJC762WP1', 1, '여성', '아우터', '재킷','린넨 블렌드 자수 크롭 재킷',675000,
'크롭한 기장감으로 트렌디한 감각 
이 돋보이며, 가슴 한쪽 포켓에 아이코닉한 자수 패치를 블록 하여 포인트를 준 재킷입니다.  
어깨 내장 캡을 더해 깔끔한 라인을 연출하고, 타임에서만 볼 수 있는 로고 버튼으로 고급스러
운 느낌이 물씬 느껴집니다. 린넨과 실크를 혼방한 소재로 높은 퀄리티를 자랑합니다.', '22SS', sysdate,
      'http://newmedia.thehandsome.com/TM/2C/SS/TM2C4WJC762WP1_PK_T01.jpg',
      'http://newmedia.thehandsome.com/TM/2C/SS/TM2C4WJC762WP1_PK_T02.jpg',
 'http://newmedia.thehandsome.com/TM/2C/SS/TM2C4WJC762WP1_PK_W01.jpg/dims/resize/684x1032/');
 insert into color(pid, ccolorname) 
 values('TM2C4WJC762WP1','pink');
 insert into product_size(pid, psize)
 values('TM2C4WJC762WP1','S');
 insert into product_size(pid, psize)
 values('TM2C4WJC762WP1','M');
 
 insert into product(pid, bno, clarge, cmedium, csmall, 
pname, pprice, pdetail, pseason, preleasedate, pimg1, pimg2, pimg3)
values('LC2C4WOT961W', 3, '여성', '아우터', '재킷','린넨 블렌드 오픈 칼라 재킷',865000,
'세미 돌먼 슬리브 디자인으로 살짝  
여유있는 실루엣의 재킷으로 허리 라인에 밴딩을 더해 라인을 강조하여줍니다. 오픈 칼라 디자
인과 밑단으로 갈수록 플레어지는 페플럼 라인이 페미닌한 무드를 선사합니다. 린넨 혼방 소재
를 사용하여 내추럴한 텍스처가 돋보이며, 계절감이 물씬 느껴집니다.', '22SS', sysdate,
      'http://newmedia.thehandsome.com/LC/2C/SS/LC2C4WOT961W_KE_T01.jpg',
      'http://newmedia.thehandsome.com/LC/2C/SS/LC2C4WOT961W_KE_T02.jpg',
 'http://newmedia.thehandsome.com/LC/2C/SS/LC2C4WOT961W_KE_W01.jpg/dims/resize/684x1032/');
 insert into color(pid, ccolorname) 
 values('LC2C4WOT961W','yellow');
 insert into color(pid, ccolorname) 
 values('LC2C4WOT961W','white');
 insert into product_size(pid, psize)
 values('LC2C4WOT961W','S');
 insert into product_size(pid, psize)
 values('LC2C4WOT961W','M');
 
 insert into product(pid, bno, clarge, cmedium, csmall, 
pname, pprice, pdetail, pseason, preleasedate, pimg1, pimg2, pimg3)
values('IL2C4WJC375WS', 9, '여성', '아우터', '재킷','칼라리스 포켓 재킷',725000,
'언뜻 데님처럼 보이는 텍스처로 캐주 
얼한 느낌을 전해주는 재킷입니다. 여유로운 실루엣과 넉넉한 길이감, 칼라리스 디자인으로 감
각적인 외관을 선보이며, 몸판 한쪽에 플랩 포켓을 장식해 포인트를 주었습니다. 같은 소재의 
팬츠와 함께 셋업하여 스타일링 하기 좋은 아이템입니다.', '22SS', sysdate,
      'http://newmedia.thehandsome.com/IL/2C/SS/IL2C4WJC375WS_IN_T01.jpg',
      'http://newmedia.thehandsome.com/IL/2C/SS/IL2C4WJC375WS_IN_T02.jpg',
 'http://newmedia.thehandsome.com/IL/2C/SS/IL2C4WJC375WS_IN_W01.jpg/dims/resize/684x1032/');
 insert into color(pid, ccolorname) 
 values('IL2C4WJC375WS','blue');
 insert into product_size(pid, psize)
 values('IL2C4WJC375WS','S');
 insert into product_size(pid, psize)
 values('IL2C4WJC375WS','M');
 
 insert into product(pid, bno, clarge, cmedium, csmall, 
pname, pprice, pdetail, pseason, preleasedate, pimg1, pimg2, pimg3)
values('OB2C1WJC028WM1', 8, '여성', '아우터', '재킷','더블 브레스티드 드위드 재킷',695000,
'클래식한 무드를 불어 넣어주는  
더블 브레스티드 여밈 디테일과 피크트 칼라가 포인트인 이 트위드 재킷은 크롭 길이감으로 트
렌디한 무드를 결합시켰으며, 오직 오브제에서만 볼 수 있는 로고 버튼으로 세련미를 더해주었
습니다.', '22SS', sysdate,
      'http://newmedia.thehandsome.com/OB/2C/SS/OB2C1WJC028WM1_LB_T01.jpg',
      'http://newmedia.thehandsome.com/OB/2C/SS/OB2C1WJC028WM1_LB_T02.jpg',
 'http://newmedia.thehandsome.com/OB/2C/SS/OB2C1WJC028WM1_LB_W01.jpg/dims/resize/684x1032/');
 insert into color(pid, ccolorname) 
 values('OB2C1WJC028WM1','blue');
 insert into color(pid, ccolorname) 
 values('OB2C1WJC028WM1','white');
 insert into product_size(pid, psize)
 values('OB2C1WJC028WM1','S');
 insert into product_size(pid, psize)
 values('OB2C1WJC028WM1','M');
 insert into product_size(pid, psize)
 values('OB2C1WJC028WM1','XS');
 
 insert into product(pid, bno, clarge, cmedium, csmall, 
pname, pprice, pdetail, pseason, preleasedate, pimg1, pimg2, pimg3)
values('SJ2C4WJC249W', 5, '여성', '아우터', '재킷','린넨 블렌드 하프 슬리브 재킷',475000,
'하프 슬리브 디자인의 재킷으로 S/S 시즌에 활용하기 좋으며, 트위드 텍스처로 고급스럽게 완성했습니다. 크롭 기장감과 린넨 소
재가 어우러져 가볍게 걸쳐도 스타일리시한 아웃핏을 완성 시켜주며, 다양한 하의와 스타일링 
하기에도 좋은 아이템입니다.', '22SS', sysdate,
      'http://newmedia.thehandsome.com/SJ/2C/SS/SJ2C4WJC249W_LB_T01.jpg',
      'http://newmedia.thehandsome.com/SJ/2C/SS/SJ2C4WJC249W_LB_T02.jpg',
 'http://newmedia.thehandsome.com/SJ/2C/SS/SJ2C4WJC249W_LB_W01.jpg/dims/resize/684x1032/');
 insert into color(pid, ccolorname) 
 values('SJ2C4WJC249W','white');
 insert into product_size(pid, psize)
 values('SJ2C4WJC249W','S');
 insert into product_size(pid, psize)
 values('SJ2C4WJC249W','M');
 insert into product_size(pid, psize)
 values('SJ2C4WJC249W','XS');
 
 insert into product(pid, bno, clarge, cmedium, csmall, 
pname, pprice, pdetail, pseason, preleasedate, pimg1, pimg2, pimg3)
values('O22C4WJC716W', 10, '여성', '아우터', '재킷','백 스트랩 레터링 자수 재킷',358000,
'뒷면에 스트랩을 엮어 언뜻 베스트를
 레이어드하여 스타일링한 듯한 유니크한 외관이 눈길을 끌며, 포켓 한쪽에 은은하게 반짝이는
 글리터 원사의 입체감 있는 레터링 자수를 더해 포인트를 준 재킷입니다. 뒷면 상단에 레터링
 패치를 더해 포인트를 주었습니다. 가볍고 얇은 소재와 하프 슬리브 디자인이 조화를 이루어 
계절감이 물씬 느껴집니다.', '22SS', sysdate,
      'http://newmedia.thehandsome.com/O2/2C/SS/O22C4WJC716W_BK_T01.jpg',
      'http://newmedia.thehandsome.com/O2/2C/SS/O22C4WJC716W_BK_T02.jpg',
 'http://newmedia.thehandsome.com/O2/2C/SS/O22C4WJC716W_BK_W01.jpg/dims/resize/684x1032/');
 insert into color(pid, ccolorname) 
 values('O22C4WJC716W','black');
 insert into color(pid, ccolorname) 
 values('O22C4WJC716W','pink');
 insert into product_size(pid, psize)
 values('O22C4WJC716W','S');
 insert into product_size(pid, psize)
 values('O22C4WJC716W','M');
 insert into product_size(pid, psize)
 values('O22C4WJC716W','XS');
 
 insert into product(pid, bno, clarge, cmedium, csmall, 
pname, pprice, pdetail, pseason, preleasedate, pimg1, pimg2, pimg3)
values('SJ2C4WJC246W', 5, '여성', '아우터', '재킷','칼라리스 크롭 재킷',355000,
'미니멀한 칼라리스 디자인과 SJSJ만의 테일러
링 감각이 돋보이는 재킷으로 어디에 매치해도 스타일리시한 룩을 연출할 수 있는 아이템입니 
다. 어깨 라인을 따라 부드럽게 떨어지는 드롭 숄더와 가슴에 빅 포켓으로 포인트를 주었으며, 아이코닉한 자개 버튼이 돋보입니다.', '22SS', sysdate,
      'http://newmedia.thehandsome.com/SJ/2C/SS/SJ2C4WJC246W_LE_T01.jpg',
      'http://newmedia.thehandsome.com/SJ/2C/SS/SJ2C4WJC246W_LE_T02.jpg',
 'http://newmedia.thehandsome.com/SJ/2C/SS/SJ2C4WJC246W_LE_W01.jpg/dims/resize/684x1032/');
 insert into color(pid, ccolorname) 
 values('SJ2C4WJC246W','black');
 insert into color(pid, ccolorname) 
 values('SJ2C4WJC246W','beige');
 insert into product_size(pid, psize)
 values('SJ2C4WJC246W','S');
 insert into product_size(pid, psize)
 values('SJ2C4WJC246W','M');
 insert into product_size(pid, psize)
 values('SJ2C4WJC246W','XS');
 
 insert into product(pid, bno, clarge, cmedium, csmall, 
pname, pprice, pdetail, pseason, preleasedate, pimg1, pimg2, pimg3)
values('TM2C3WJSS43WP1', 1, '여성', '아우터', '재킷','울 디테쳐블 커프스 크롭 재킷',765000,
'크롭한 기장감으로 트렌디한 무 
드를 선사하며 가슴 한쪽 포켓에 아이코닉한 자수 패치가 세련미를 더해주는 재킷입니다. 소맷
단에 탈부착할 수 있는 배색 컬러의 커프스를 구성하여 타임만의 섬세한 포인트 디테일이 살렸
습니다. 같은 소재의 팬츠와 셋업으로 스타일리시한 룩을 연출할 수 있습니다.', '22SS', sysdate,
      'http://newmedia.thehandsome.com/TM/2C/SS/TM2C3WJSS43WP1_BK_T01.jpg',
      'http://newmedia.thehandsome.com/TM/2C/SS/TM2C3WJSS43WP1_BK_T02.jpg',
 'http://newmedia.thehandsome.com/TM/2C/SS/TM2C3WJSS43WP1_BK_W01.jpg/dims/resize/684x1032/');
 insert into color(pid, ccolorname) 
 values('TM2C3WJSS43WP1','black');
 insert into product_size(pid, psize)
 values('TM2C3WJSS43WP1','S');
 
 insert into product(pid, bno, clarge, cmedium, csmall, 
pname, pprice, pdetail, pseason, preleasedate, pimg1, pimg2, pimg3)
values('TM2C3WJC741WP3', 1, '여성', '아우터', '재킷','레터링 자수 칼라리스 재킷',725000,
'가볍고 얇은 린넨 혼방 소재를 사용
하여 계절감이 물씬 느껴지는 칼라리스 디자인으로 깔끔한 아웃핏을 자랑하는 재킷입니다. 앞 
면 포켓에 은은한 자수 패치를 더해 타임만의 포인트 디테일을 살렸습니다. 간결한 디자인과  
화사한 컬러감으로 다양한 룩에 포인트 아이템으로 스타일링 하기에도 좋습니다.', '22SS', sysdate,
      'http://newmedia.thehandsome.com/TM/2C/SS/TM2C3WJC741WP3_LM_T01.jpg',
      'http://newmedia.thehandsome.com/TM/2C/SS/TM2C3WJC741WP3_LM_T02.jpg',
 'http://newmedia.thehandsome.com/TM/2C/SS/TM2C3WJC741WP3_LM_W01.jpg/dims/resize/684x1032/');
 
 insert into color(pid, ccolorname) 
 values('TM2C3WJC741WP3','yellow');
 insert into product_size(pid, psize)
 values('TM2C3WJC741WP3','S');
 
 insert into product(pid, bno, clarge, cmedium, csmall, 
pname, pprice, pdetail, pseason, preleasedate, pimg1, pimg2, pimg3)
values('SJ2C4WJC247W', 5, '여성', '아우터', '재킷','포켓 싱글 재킷',355000,
'부드럽고 가볍게 툭 떨어지는 어깨 라인과 여유로
운 실루엣으로 SJSJ만의 정교한 테일러링이 돋보이는 재킷입니다. 은은한 반짝임이 있는 아이 
코닉한 버튼과 포켓을 이중으로 레이어하여 디테일 포인트를 주었습니다. 다양한 이너 탑과 함
께 캐주얼, 포멀 룩 모두 아울러 매치하기 좋은 활용도 높은 아이템입니다.', '22SS', sysdate,
      'http://newmedia.thehandsome.com/SJ/2C/SS/SJ2C4WJC247W_IV_T01.jpg',
      'http://newmedia.thehandsome.com/SJ/2C/SS/SJ2C4WJC247W_IV_T02.jpg',
 'http://newmedia.thehandsome.com/SJ/2C/SS/SJ2C4WJC247W_IV_W01.jpg/dims/resize/684x1032/');
 insert into color(pid, ccolorname) 
 values('SJ2C4WJC247W','white');
 insert into color(pid, ccolorname) 
 values('SJ2C4WJC247W','black');
 insert into product_size(pid, psize)
 values('SJ2C4WJC247W','XS');
 insert into product_size(pid, psize)
 values('SJ2C4WJC247W','S');
 insert into product_size(pid, psize)
 values('SJ2C4WJC247W','M');
 
 insert into product(pid, bno, clarge, cmedium, csmall, 
pname, pprice, pdetail, pseason, preleasedate, pimg1, pimg2, pimg3)
values('MN2C3WJC842WP', 2, '여성', '아우터', '재킷','브레이드 트위드 재킷',1050000,
'각 끝단을 브레이드 라인으로 마감하여  
섬세하게 제작한 트위드 재킷으로 클래식하면서도 고급스러운 무드가 물씬 느껴집니다. 클래식
한 디자인에 메탈릭한 엠블럼 버튼 장식을 더해 포인트를 주었습니다.이면에 패턴이 있는 안감
을 사용하여 클로징을 하지 않아도 포멀룩과 캐주얼 룩을 아울러 매치할 수 있는 활용도 높은 
아이템입니다.', '22SS', sysdate,
      'http://newmedia.thehandsome.com/MN/2C/SS/MN2C3WJC842WP_CR_T01.jpg',
      'http://newmedia.thehandsome.com/MN/2C/SS/MN2C3WJC842WP_CR_T02.jpg',
 'http://newmedia.thehandsome.com/MN/2C/SS/MN2C3WJC842WP_CR_W01.jpg/dims/resize/684x1032/');
 insert into color(pid, ccolorname) 
 values('MN2C3WJC842WP','white');
 insert into product_size(pid, psize)
 values('MN2C3WJC842WP','XS');
 insert into product_size(pid, psize)
 values('MN2C3WJC842WP','S');
 insert into product_size(pid, psize)
 values('MN2C3WJC842WP','M');
 
 insert into product(pid, bno, clarge, cmedium, csmall, 
pname, pprice, pdetail, pseason, preleasedate, pimg1, pimg2, pimg3)
values('TM2C3WOT441WP4', 1, '여성', '아우터', '재킷','글리터링 트위드 크롭 재킷',865000,
'다양한 컬러의 원사와 은은하게 반 
짝이는 글리터링 원사를 믹스 매치한 트위트 텍스처가 돋보이는 재킷입니다. 타임만의 아이코 
닉한 버튼을 더해 포인트를 살렸으며, 단품으로도 스타일리시하게 연출할 수 있는 아이템입니 
다.', '22SS', sysdate,
      'http://newmedia.thehandsome.com/TM/2C/SS/TM2C3WOT441WP4_CR_T01.jpg',
      'http://newmedia.thehandsome.com/TM/2C/SS/TM2C3WOT441WP4_CR_T02.jpg',
 'http://newmedia.thehandsome.com/TM/2C/SS/TM2C3WOT441WP4_CR_W01.jpg/dims/resize/684x1032/');
 insert into color(pid, ccolorname) 
 values('TM2C3WOT441WP4','white');
 insert into product_size(pid, psize)
 values('TM2C3WOT441WP4','S');
 
 
 insert into product(pid, bno, clarge, cmedium, csmall, 
pname, pprice, pdetail, pseason, preleasedate, pimg1, pimg2, pimg3)
values('MN2C1WJC823WP', 2, '여성', '아우터', '재킷','프레이드 트위드 재킷',1550000,
'꾸띄르적 섬세함을 미니멀하게 풀어낸 트
위드 재킷으로 마인만의 여성스럽고 세련된 무드를 선보입니다. 올을 풀어서 마감한 프레이드 
텍스처와 감각적인 컬러의 체크 패턴이 눈길을 끌며, 넥라인과 여밈에 브레이드 라인을 트리밍
하여 형태감을 강조했습니다. 크리스탈을 장식한 버튼 디테일이 고급스러움을 한층 더해줍니다
.', '22SS', sysdate,
      'http://newmedia.thehandsome.com/MN/2C/SS/MN2C1WJC823WP_DN_T01.jpg',
      'http://newmedia.thehandsome.com/MN/2C/SS/MN2C1WJC823WP_DN_T02.jpg',
 'http://newmedia.thehandsome.com/MN/2C/SS/MN2C1WJC823WP_DN_W01.jpg/dims/resize/684x1032/');
 insert into color(pid, ccolorname) 
 values('MN2C1WJC823WP','black');
 insert into product_size(pid, psize)
 values('MN2C1WJC823WP','XS');
 insert into product_size(pid, psize)
 values('MN2C1WJC823WP','S');
 insert into product_size(pid, psize)
 values('MN2C1WJC823WP','M');
 
 insert into product(pid, bno, clarge, cmedium, csmall, 
pname, pprice, pdetail, pseason, preleasedate, pimg1, pimg2, pimg3)
values('IL2C4NOT782N', 9, '여성', '아우터', '재킷','디스트로이드 데님 재킷',445000,
'밑단 한쪽 옆의 디스트로이 
드 디테일을 더해 눈길을 끄는 재킷입니다. 100% 면 소재를 사용한 데님 텍스처가 어우러져 흐
트러지지 않는 탄탄한 아웃핏을 자랑하며, 변형을 최소화하여줍니다. 가슴 한쪽 옆에 포켓에  
레더 탭을 더해 포인트를 주었으며, 실용성을 겸비하였습니다. 단품으로도 셔츠처럼 스타일리 
시하게 연출할 수 있으며, 다양한 이너 탑과 함께 레이어하여 아우터로도 스타일링할 수 있습 
니다.', '22SS', sysdate,
      'http://newmedia.thehandsome.com/IL/2C/SS/IL2C4NOT782N_LB_T01.jpg',
      'http://newmedia.thehandsome.com/IL/2C/SS/IL2C4NOT782N_LB_T02.jpg',
 'http://newmedia.thehandsome.com/IL/2C/SS/IL2C4NOT782N_LB_W01.jpg/dims/resize/684x1032/');
 insert into color(pid, ccolorname) 
 values('IL2C4NOT782N','blue');
 insert into product_size(pid, psize)
 values('IL2C4NOT782N','S');
 insert into product_size(pid, psize)
 values('IL2C4NOT782N','M');
 
 insert into product(pid, bno, clarge, cmedium, csmall, 
pname, pprice, pdetail, pseason, preleasedate, pimg1, pimg2, pimg3)
values('TM2C3WJC749W', 1, '여성', '아우터', '재킷','시퀸 레터링 아일렛 재킷',1350000,
'시퀸을 장식한 안감과 레터링 아일렛  
텍스처를 레이어링하여 유니크한 외관을 선보이는 재킷으로 두 줄로 장식한 골드톤 버튼 디테 
일이 고급스러움을 더해줍니다. 넥라인부터 밑단까지 이어진 브레이드 트리밍이 형태감을 강조
해주어 깔끔한 아웃핏을 선사합니다.', '22SS', sysdate,
      'http://newmedia.thehandsome.com/TM/2C/SS/TM2C3WJC749W_OW_T01.jpg',
      'http://newmedia.thehandsome.com/TM/2C/SS/TM2C3WJC749W_OW_T02.jpg',
 'http://newmedia.thehandsome.com/TM/2C/SS/TM2C3WJC749W_OW_W01.jpg/dims/resize/684x1032/');
 insert into color(pid, ccolorname) 
 values('TM2C3WJC749W','white');
 insert into product_size(pid, psize)
 values('TM2C3WJC749W','S');
 insert into product_size(pid, psize)
 values('TM2C3WJC749W','M');
 
 insert into product(pid, bno, clarge, cmedium, csmall, 
pname, pprice, pdetail, pseason, preleasedate, pimg1, pimg2, pimg3)
values('LC2C3WOT945W', 3, '여성', '아우터', '재킷','벨티드 셔링 재킷',1150000,
'넥라인 이면에 밴딩을 더해 다양한 간격의 셔 
링을 잡아 자연스러운 플리츠 주름이 어우러져 볼륨감을 더해준 재킷입니다. 풍성하고 입체감 
있는 벌룬 슬리브로 페미닌한 무드를 전해주며, 여유로운 실루엣으로 허리 라인에 위빙 레더  
벨트를 함께 구성하여 실루엣 조절이 용이합니다. 단품으로도 스타일리시하게 연출하기 좋습니
다.', '22SS', sysdate,
      'http://newmedia.thehandsome.com/LC/2C/SS/LC2C3WOT945W_BL_T01.jpg',
      'http://newmedia.thehandsome.com/LC/2C/SS/LC2C3WOT945W_BL_T02.jpg',
 'http://newmedia.thehandsome.com/LC/2C/SS/LC2C3WOT945W_BL_W01.jpg/dims/resize/684x1032/');
 insert into color(pid, ccolorname) 
 values('LC2C3WOT945W','white');
 insert into color(pid, ccolorname) 
 values('LC2C3WOT945W','blue');
 insert into product_size(pid, psize)
 values('LC2C3WOT945W','S');
 insert into product_size(pid, psize)
 values('LC2C3WOT945W','M');
 
 insert into product(pid, bno, clarge, cmedium, csmall, 
pname, pprice, pdetail, pseason, preleasedate, pimg1, pimg2, pimg3)
values('LC2C3WJC545W', 3, '여성', '아우터', '재킷','오버사이즈 트위드 더블 재킷',1150000,
'두가지의 서로 다른 컬러의 원사를
 믹스하여 섬세하게 짜여진 트위드 텍스처가 눈길을 끄는 더블 재킷입니다. 넉넉한 오버사이즈
 실루엣으로 어깨 내부에 패드를 더해 형태감이 무너지지 않아 단정하고 세련된 외관을 자랑합
니다.', '22SS', sysdate,
      'http://newmedia.thehandsome.com/LC/2C/SS/LC2C3WJC545W_BL_T01.jpg',
      'http://newmedia.thehandsome.com/LC/2C/SS/LC2C3WJC545W_BL_T02.jpg',
 'http://newmedia.thehandsome.com/LC/2C/SS/LC2C3WJC545W_BL_W01.jpg/dims/resize/684x1032/');
 insert into color(pid, ccolorname) 
 values('LC2C3WJC545W','blue');
 insert into product_size(pid, psize)
 values('LC2C3WJC545W','S');
 insert into product_size(pid, psize)
 values('LC2C3WJC545W','M');
 
 insert into product(pid, bno, clarge, cmedium, csmall, 
pname, pprice, pdetail, pseason, preleasedate, pimg1, pimg2, pimg3)
values('CM2C4WJC167W', 6, '여성', '아우터', '재킷','린넨 블렌드 싱글 재킷',495000,
'부드럽고 내추럴한 린넨 혼방 소재로 디자
인된 재킷으로 더 캐시미어만의 여유로운 무드가 느껴지는 릴렉스 실루엣을 연출합니다. 간절 
기에 가볍게 걸치기 좋으며, 베이직한 컬러감과 미니멀한 디자인으로 다양한 이너탑과 함께 매
치하기 용이한 활용도 높은 아이템입니다.', '22SS', sysdate,
      'http://newmedia.thehandsome.com/CM/2C/SS/CM2C4WJC167W_IV_T01.jpg',
      'http://newmedia.thehandsome.com/CM/2C/SS/CM2C4WJC167W_IV_T02.jpg',
 'http://newmedia.thehandsome.com/CM/2C/SS/CM2C4WJC167W_IV_W01.jpg/dims/resize/684x1032/');
 insert into color(pid, ccolorname) 
 values('CM2C4WJC167W','beige');
 insert into color(pid, ccolorname) 
 values('CM2C4WJC167W','brown');
 insert into product_size(pid, psize)
 values('CM2C4WJC167W','S');
 insert into product_size(pid, psize)
 values('CM2C4WJC167W','M');
 
 insert into product(pid, bno, clarge, cmedium, csmall, 
pname, pprice, pdetail, pseason, preleasedate, pimg1, pimg2, pimg3)
values('SY2C3WJC001N', 4, '여성', '아우터', '재킷','패디드 숄더 크롭 재킷',359000,
'간결한 칼라리스 디자인의 재킷으
로 밑단을 크롭하게 마감하여 시스템만의 트렌디하고 스타일리시한 감각을 선보입니다. 얇고  
가벼운 소재를 사용하여 시원하고 편안한 착용감을 선사하며, 어깨 내부에 패드를 더해 흐트러
지지 않는 실루엣을 연출해 줍니다.', '22SS', sysdate,
      'http://newmedia.thehandsome.com/SY/2C/SS/SY2C3WJC001N_OW_T01.jpg',
      'http://newmedia.thehandsome.com/SY/2C/SS/SY2C3WJC001N_OW_T02.jpg',
 'http://newmedia.thehandsome.com/SY/2C/SS/SY2C3WJC001N_OW_W01.jpg/dims/resize/684x1032/');
 insert into color(pid, ccolorname) 
 values('SY2C3WJC001N','white');
 insert into color(pid, ccolorname) 
 values('SY2C3WJC001N','black');
 insert into product_size(pid, psize)
 values('SY2C3WJC001N','S');
 insert into product_size(pid, psize)
 values('SY2C3WJC001N','M');
 
 insert into product(pid, bno, clarge, cmedium, csmall, 
pname, pprice, pdetail, pseason, preleasedate, pimg1, pimg2, pimg3)
values('SY2C3TOT027N', 4, '여성', '아우터', '재킷','레터링 자수 재킷',275000,
'어깨라인을 따라 턱을 잡아 과하지 않 
은 퍼프 슬리브와 깊게 파인 스퀘어넥을 따라 리브 마감하여 시스템만의 섬세한 디자인 감각이
 돋보이는 재킷입니다. 가슴 한쪽 포켓에 시그니처 배색 레터링 자수를 더해 포인트 디테일을 
살렸으며, 실용성을 겸비하였습니다. 여유로운 실루엣으로 단품 또는 이너 탑과 함께 레이어하
여 스타일리시하게 연출할 수 있습니다.', '22SS', sysdate,
      'http://newmedia.thehandsome.com/SY/2C/SS/SY2C3TOT027N_DN_T01.jpg',
      'http://newmedia.thehandsome.com/SY/2C/SS/SY2C3TOT027N_DN_T02.jpg',
 'http://newmedia.thehandsome.com/SY/2C/SS/SY2C3TOT027N_DN_W01.jpg/dims/resize/684x1032/');
 insert into color(pid, ccolorname) 
 values('SY2C3TOT027N','navy');
 insert into product_size(pid, psize)
 values('SY2C3TOT027N','S');
 insert into product_size(pid, psize)
 values('SY2C3TOT027N','M');
 
 insert into product(pid, bno, clarge, cmedium, csmall, 
pname, pprice, pdetail, pseason, preleasedate, pimg1, pimg2, pimg3)
values('TM2C4WOT465W', 1, '여성', '아우터', '재킷','백 인버티드 플리츠 페이크 레더 재킷',625000,
'리얼한 가죽의 질감을 그대
로 재현한 페이크 레더 재킷으로 크롭 기장감이 어우러져 트렌디한 감각을 더했습니다. 뒷면에
 과감하게 인버티드 플리츠를 더해 타임만의 감각적인 디자인이 돋보이며, 아이코닉한 버튼을 
블록하여 포인트를 주었습니다. 양 옆에 슬릿을 더해 다양한 이너 탑과 함께 매치하기 좋습니 
다.', '22SS', sysdate,
      'http://newmedia.thehandsome.com/TM/2C/SS/TM2C4WOT465W_OT_T01.jpg',
      'http://newmedia.thehandsome.com/TM/2C/SS/TM2C4WOT465W_OT_T02.jpg',
 'http://newmedia.thehandsome.com/TM/2C/SS/TM2C4WOT465W_OT_W01.jpg/dims/resize/684x1032/');
 insert into color(pid, ccolorname) 
 values('TM2C4WOT465W','black');
 insert into color(pid, ccolorname) 
 values('TM2C4WOT465W','beige');
 insert into product_size(pid, psize)
 values('TM2C4WOT465W','S');
 
 insert into product(pid, bno, clarge, cmedium, csmall, 
pname, pprice, pdetail, pseason, preleasedate, pimg1, pimg2, pimg3)
values('OB2C4NJC623W', 8, '여성', '아우터', '재킷','프레이드 크롭 데님 재킷',545000,
'넥라인과 소맷단에 올을 풀어 마감한 프
레이드 디테일을 더해 내추럴하면서 빈티지한 매력을 선보이는 재킷입니다. 오브제만의 아이코
닉한 버튼으로 포인트 디테일을 살렸으며 소맷단에 턱을 잡아 페미닌한 매력을 더했습니다. 크
롭한 기장감으로 어디에나 두루 잘 어울려 스타일리시하게 연출하기 좋은 아이템입니다.', '22SS', sysdate,
      'http://newmedia.thehandsome.com/OB/2C/SS/OB2C4NJC623W_BL_T01.jpg',
      'http://newmedia.thehandsome.com/OB/2C/SS/OB2C4NJC623W_BL_T02.jpg',
 'http://newmedia.thehandsome.com/OB/2C/SS/OB2C4NJC623W_BL_W01.jpg/dims/resize/684x1032/');
 insert into color(pid, ccolorname) 
 values('OB2C4NJC623W','blue');
 
 insert into product_size(pid, psize)
 values('OB2C4NJC623W','XS');
 insert into product_size(pid, psize)
 values('OB2C4NJC623W','S');
 insert into product_size(pid, psize)
 values('OB2C4NJC623W','M');
 
 insert into product(pid, bno, clarge, cmedium, csmall, 
pname, pprice, pdetail, pseason, preleasedate, pimg1, pimg2, pimg3)
values('MN2C4WJC862W', 2, '여성', '아우터', '재킷','엠보 버튼 하프 슬리브 재킷',985000,
'입체감 있는 라운드 쉐입의 원사를  
더한 텍스처가 눈길을 끄는 재킷으로 고급스러운 디테일과 트렌디한 실루엣이 돋보입니다. 깊 
게 파인 스퀘어넥 디자인과 골드 버튼 위에 시그니처 실버 엠블럼을 레이어한 크기가 다른 버 
튼을 더해 마인만의 섬세한 디테일 포인트를 주었습니다. 단품으로도 스타일리시하게 연출하기
 좋습니다.', '22SS', sysdate,
      'http://newmedia.thehandsome.com/MN/2C/SS/MN2C4WJC862W_GN_T01.jpg',
      'http://newmedia.thehandsome.com/MN/2C/SS/MN2C4WJC862W_GN_T02.jpg',
 'http://newmedia.thehandsome.com/MN/2C/SS/MN2C4WJC862W_GN_W01.jpg/dims/resize/684x1032/');
 insert into color(pid, ccolorname) 
 values('MN2C4WJC862W','green');
 insert into color(pid, ccolorname) 
 values('MN2C4WJC862W','white');
 
 insert into product_size(pid, psize)
 values('MN2C4WJC862W','XS');
 insert into product_size(pid, psize)
 values('MN2C4WJC862W','S');
 insert into product_size(pid, psize)
 values('MN2C4WJC862W','M');
 
 insert into product(pid, bno, clarge, cmedium, csmall, 
pname, pprice, pdetail, pseason, preleasedate, pimg1, pimg2, pimg3)
values('SY2C1WJS740WM2', 4, '여성', '아우터', '재킷','원 버튼 싱글 재킷',499000,
'베이직한 디자인과 컬러감의 원 버튼 재킷입
니다. 시스템만의 로고 버튼 장식이 아이코닉한 매력을 드러내며 세련되고 도시적인 감성이 느
껴지는 아이템입니다. 페미닌, 캐주얼룩 등 다양한 룩에 매치가 용이합니다.', '22SS', sysdate,
      'http://newmedia.thehandsome.com/SY/2C/SS/SY2C1WJS740WM2_CR_T01.jpg',
      'http://newmedia.thehandsome.com/SY/2C/SS/SY2C1WJS740WM2_CR_T02.jpg',
 'http://newmedia.thehandsome.com/SY/2C/SS/SY2C1WJS740WM2_CR_W01.jpg/dims/resize/684x1032/');
 insert into color(pid, ccolorname) 
 values('SY2C1WJS740WM2','beige');
 insert into color(pid, ccolorname) 
 values('SY2C1WJS740WM2','black');
 insert into product_size(pid, psize)
 values('SY2C1WJS740WM2','S');
 insert into product_size(pid, psize)
 values('SY2C1WJS740WM2','M');
 
 
 -- 여성 아우터 점퍼
 
 insert into product(pid, bno, clarge, cmedium, csmall, 
pname, pprice, pdetail, pseason, preleasedate, pimg1, pimg2, pimg3)
values('CM2C4WJM125W', 6, '여성', '아우터', '점퍼','크링클 지퍼 슬릿 점퍼',545000,
'여유로운 핏과 어깨를 살짝 감싸는 독특한
 슬리브 디자인이 어우러져 유니크한 실루엣을 연출하는 점퍼입니다. 블루종 스타일의 넥라인 
과 지퍼 여밈으로 간편하게 입을 수 있는 디자인을 선보이며, 넥라인에 셔링을 잡아 잔잔하게 
주름을 연출했습니다. 스냅 버튼 여밈의 플랩 포켓과 양 옆에 지퍼 여밈의 슬릿으로 실용성을 
더했습니다.', '22SS', sysdate,
      'http://newmedia.thehandsome.com/CM/2C/SS/CM2C4WJM125W_SG_T01.jpg',
      'http://newmedia.thehandsome.com/CM/2C/SS/CM2C4WJM125W_SG_T02.jpg',
 'http://newmedia.thehandsome.com/CM/2C/SS/CM2C4WJM125W_SG_W01.jpg/dims/resize/684x1032/');
 insert into color(pid, ccolorname) 
 values('CM2C4WJM125W','khaki');
 insert into color(pid, ccolorname) 
 values('CM2C4WJM125W','white');
 insert into product_size(pid, psize)
 values('CM2C4WJM125W','S');
 insert into product_size(pid, psize)
 values('CM2C4WJM125W','M');
 
 insert into product(pid, bno, clarge, cmedium, csmall, 
pname, pprice, pdetail, pseason, preleasedate, pimg1, pimg2, pimg3)
values('CM2C4KOT424W', 6, '여성', '아우터', '점퍼','홀가먼트 니트 후드 점퍼',445000,
'그물처럼 짜여진 메쉬 텍스처의 니트 소
재를 사용하여 S/S 시즌에 가볍게 걸치기 좋은 점퍼로 후드와 간편한 집업 스타일이 편안하고 
캐주얼한 매력을 더해줍니다. 홀가먼트 기법으로 제작하여 별도의 봉제 라인이 없고 편안한 착
용감과 자연스러운 실루엣을 연출해 줍니다.', '22SS', sysdate,
      'http://newmedia.thehandsome.com/CM/2C/SS/CM2C4KOT424W_YB_T01.jpg',
      'http://newmedia.thehandsome.com/CM/2C/SS/CM2C4KOT424W_YB_T02.jpg',
 'http://newmedia.thehandsome.com/CM/2C/SS/CM2C4KOT424W_YB_W01.jpg/dims/resize/684x1032/');
 insert into color(pid, ccolorname) 
 values('CM2C4KOT424W','grey');
 insert into color(pid, ccolorname) 
 values('CM2C4KOT424W','white');
 insert into product_size(pid, psize)
 values('CM2C4KOT424W','S');
 insert into product_size(pid, psize)
 values('CM2C4KOT424W','M');
 
 insert into product(pid, bno, clarge, cmedium, csmall, 
pname, pprice, pdetail, pseason, preleasedate, pimg1, pimg2, pimg3)
values('CM2C4WOT128W', 6, '여성', '아우터', '점퍼','볼레로 패커블 점퍼',545000,
'얇고 바스락거리는 소재를 사용하여 일교차가
 큰 날씨에 가볍게 걸치거나 휴대하기 좋은 볼레로 스타일의 점퍼입니다. 밑단에 스트랩과 버 
클이 있는 주머니를 블록하여 점퍼를 주머니에 넣어 보관할 수 있으며, 페니백 스타일로 변형 
시켜 간단한 소지품을 보관하기에도 좋습니다. 같은 소재의 드레스와 함께 스타일링 하기 좋은
 아이템입니다.', '22SS', sysdate,
      'http://newmedia.thehandsome.com/CM/2C/SS/CM2C4WOT128W_CA_T01.jpg',
      'http://newmedia.thehandsome.com/CM/2C/SS/CM2C4WOT128W_CA_T02.jpg',
 'http://newmedia.thehandsome.com/CM/2C/SS/CM2C4WOT128W_CA_W01.jpg/dims/resize/684x1032/');
 insert into color(pid, ccolorname) 
 values('CM2C4WOT128W','brown');
 insert into color(pid, ccolorname) 
 values('CM2C4WOT128W','black');
 insert into product_size(pid, psize)
 values('CM2C4WOT128W','S');
 
 
 insert into product(pid, bno, clarge, cmedium, csmall, 
pname, pprice, pdetail, pseason, preleasedate, pimg1, pimg2, pimg3)
values('O22C5WOT671W', 10, '여성', '아우터', '점퍼','글리터링 자수 점퍼',398000,
'움직이지도 않아도 반짝
거리는 글리터링 자수와 펄 비딩이 어우러져 오즈세컨만의 섬세한 감각이 돋보이는 점퍼입니다
. 양 옆에 플랩 포켓과 부분적으로 버튼 탭 장식을 더해 포인트를 살렸습니다. 밑단 내부와 후
드에 드로우스트링을 더해 실루엣 조절이 용이하며 얇고 가벼운 소재감으로 간절기에 걸치기  
좋습니다.', '22SS', sysdate,
      'http://newmedia.thehandsome.com/O2/2C/SS/O22C5WOT671W_BK_T01.jpg',
      'http://newmedia.thehandsome.com/O2/2C/SS/O22C5WOT671W_BK_T02.jpg',
 'http://newmedia.thehandsome.com/O2/2C/SS/O22C5WOT671W_BK_W01.jpg/dims/resize/684x1032/');
 insert into color(pid, ccolorname) 
 values('O22C5WOT671W','pink');
 insert into color(pid, ccolorname) 
 values('O22C5WOT671W','black');
 insert into product_size(pid, psize)
 values('O22C5WOT671W','XS');
 insert into product_size(pid, psize)
 values('O22C5WOT671W','S');
 insert into product_size(pid, psize)
 values('O22C5WOT671W','M');
 
 insert into product(pid, bno, clarge, cmedium, csmall, 
pname, pprice, pdetail, pseason, preleasedate, pimg1, pimg2, pimg3)
values('LC2C4WOT962W', 3, '여성', '아우터', '점퍼','퍼프 슬리브 턱 집업',825000,
'은은한 비침이 있는 아일렛을 더한 시 
스루 텍스처가 눈길을 끄는 점퍼입니다. 커프스 상단과 넥라인을 따라 다양한 간격의 턱을 잡 
아 자연스러운 주름이 어우러져 볼륨감을 더해주었습니다. 밑단 내부 양 옆에 드로우스트링을 
더해 실루엣 조절이 용이하며, 간절기에 스타일리시하게 매치하기 좋습니다.', '22SS', sysdate,
      'http://newmedia.thehandsome.com/LC/2C/SS/LC2C4WOT962W_OW_T01.jpg',
      'http://newmedia.thehandsome.com/LC/2C/SS/LC2C4WOT962W_OW_T02.jpg',
 'http://newmedia.thehandsome.com/LC/2C/SS/LC2C4WOT962W_OW_W01.jpg/dims/resize/684x1032/');
 insert into color(pid, ccolorname) 
 values('LC2C4WOT962W','white');
 insert into color(pid, ccolorname) 
 values('LC2C4WOT962W','grey');
 insert into product_size(pid, psize)
 values('LC2C4WOT962W','S');
 insert into product_size(pid, psize)
 values('LC2C4WOT962W','M');
 
 
 insert into product(pid, bno, clarge, cmedium, csmall, 
pname, pprice, pdetail, pseason, preleasedate, pimg1, pimg2, pimg3)
values('O22C3TTOM32W', 10, '여성', '탑', '티셔츠','스트라이프 슬리브리스 탑',118000,
'스트라이프 패턴이 돋
보이는 니트 탑으로 여름 시즌에 연출하기 좋은 슬리브리스 디자인과 텍스처로 이루어져 있습 
니다. 밑단을 리브 마감하여 편안한 착용감을 선사합니다. 다양한 이너 탑과 매치하여 스타일 
을 완성할 수 있습니다.', '22SS', sysdate,
      'http://newmedia.thehandsome.com/O2/2C/SS/O22C3TTOM32W_BK_T01.jpg',
      'http://newmedia.thehandsome.com/O2/2C/SS/O22C3TTOM32W_BK_T02.jpg',
 'http://newmedia.thehandsome.com/O2/2C/SS/O22C3TTOM32W_BK_W01.jpg/dims/resize/684x1032/');
 insert into color(pid, ccolorname) 
 values('O22C3TTOM32W','black');
 insert into color(pid, ccolorname) 
 values('O22C3TTOM32W','grey');
 insert into product_size(pid, psize)
 values('O22C3TTOM32W','S');
 insert into product_size(pid, psize)
 values('O22C3TTOM32W','M');
 
 insert into product(pid, bno, clarge, cmedium, csmall, 
pname, pprice, pdetail, pseason, preleasedate, pimg1, pimg2, pimg3)
values('LC2C4WTO276W', 3, '여성', '탑', '티셔츠','트리밍 슬리브리스 탑',675000,
'넥라인을 따라 입체감 있는 라운드 쉐입의 
트리밍을 더해 랑방 컬렉션만의 섬세한 디자인 감각을 엿볼 수 있는 탑입니다. 여유로운 실루 
엣으로 체형이 드러나지 않으며, 세련미를 더해주었습니다. 100% 면 소재를 사용하여 부드러운
 터치감을 자랑하며, 단품으로도 스타일리시하게 연출할 수 있습니다.', '22SS', sysdate,
      'http://newmedia.thehandsome.com/LC/2C/SS/LC2C4WTO276W_LG_T01.jpg',
      'http://newmedia.thehandsome.com/LC/2C/SS/LC2C4WTO276W_LG_T02.jpg',
 'http://newmedia.thehandsome.com/LC/2C/SS/LC2C4WTO276W_LG_W01.jpg/dims/resize/684x1032/');
 insert into color(pid, ccolorname) 
 values('LC2C4WTO276W','purple');
 insert into color(pid, ccolorname) 
 values('LC2C4WTO276W','grey');
 insert into product_size(pid, psize)
 values('LC2C4WTO276W','S');
 insert into product_size(pid, psize)
 values('LC2C4WTO276W','M');
 
 insert into product(pid, bno, clarge, cmedium, csmall, 
pname, pprice, pdetail, pseason, preleasedate, pimg1, pimg2, pimg3)
values('O22C5TTO085W', 10, '여성', '탑', '티셔츠','프린팅 티셔츠',198000,
'조화로우면서 감각적인 배색의 프린팅이 어우러져  
오즈세컨만의 트렌디한 디자인이 돋보이는 티셔츠입니다. 100% 면 소재로 흐트러지지 않는 탄 
탄한 아웃핏을 자랑하며 신축성이 좋은 소재로 편안한 착용감을 선사합니다.', '22SS', sysdate,
      'http://newmedia.thehandsome.com/O2/2C/SS/O22C5TTO085W_CR_T01.jpg',
      'http://newmedia.thehandsome.com/O2/2C/SS/O22C5TTO085W_CR_T02.jpg',
 'http://newmedia.thehandsome.com/O2/2C/SS/O22C5TTO085W_CR_W01.jpg/dims/resize/684x1032/');
 insert into color(pid, ccolorname) 
 values('O22C5TTO085W','white');
 insert into product_size(pid, psize)
 values('O22C5TTO085W','S');
 insert into product_size(pid, psize)
 values('O22C5TTO085W','M');
 
 insert into product(pid, bno, clarge, cmedium, csmall, 
pname, pprice, pdetail, pseason, preleasedate, pimg1, pimg2, pimg3)
values('O22C5TTO081W', 10, '여성', '탑', '티셔츠','크리스탈 비딩 프린팅 티셔츠',238000,
'움직이지 않아도 화려하게 빛나는 
크리스탈, 펄 비딩과 조화로운 배색의 프린팅이 어우러져 오즈세컨만의 감각적인 디자인이 돋 
보이는 티셔츠입니다. 100% 면 소재로 흐트러지지 않는 탄탄한 아웃핏을 자랑하며 밑단 양 옆 
에 슬릿을 더해 활동성을 한층 높였습니다.', '22SS', sysdate,
      'http://newmedia.thehandsome.com/O2/2C/SS/O22C5TTO081W_DN_T01.jpg',
      'http://newmedia.thehandsome.com/O2/2C/SS/O22C5TTO081W_DN_T02.jpg',
 'http://newmedia.thehandsome.com/O2/2C/SS/O22C5TTO081W_DN_W01.jpg/dims/resize/684x1032/');
 
 insert into color(pid, ccolorname) 
 values('O22C5TTO081W','navy');
 insert into color(pid, ccolorname) 
 values('O22C5TTO081W','white');
 insert into product_size(pid, psize)
 values('O22C5TTO081W','S');
 insert into product_size(pid, psize)
 values('O22C5TTO081W','M');
 
 insert into product(pid, bno, clarge, cmedium, csmall, 
pname, pprice, pdetail, pseason, preleasedate, pimg1, pimg2, pimg3)
values('MN2C4WTO773W', 2, '여성', '탑', '티셔츠','버튼 블록 슬리브리스 탑',235000,
'S/S 시즌 무드가 물씬 느껴지는 슬리브 
리스 탑으로 고급스럽고 세련된 분위기를 연출해 줍니다. 마인만의 시그니처 로고 버튼을 블록
 하여 포인트 주었으며, 양 옆에 슬릿을 주어 한층 편안한 착용감을 선사합니다. 베이직한 컬 
러감으로 다양한 하의와 함께 매치하여 두루 착용할 수 있는 아이템입니다.', '22SS', sysdate,
      'http://newmedia.thehandsome.com/MN/2C/SS/MN2C4WTO773W_BK_T01.jpg',
      'http://newmedia.thehandsome.com/MN/2C/SS/MN2C4WTO773W_BK_T02.jpg',
 'http://newmedia.thehandsome.com/MN/2C/SS/MN2C4WTO773W_BK_W01.jpg/dims/resize/684x1032/');
 
 insert into color(pid, ccolorname) 
 values('MN2C4WTO773W','black');
 insert into color(pid, ccolorname) 
 values('MN2C4WTO773W','purple');
 insert into product_size(pid, psize)
 values('MN2C4WTO773W','S');
 insert into product_size(pid, psize)
 values('MN2C4WTO773W','M');
 
 
 insert into product(pid, bno, clarge, cmedium, csmall, 
pname, pprice, pdetail, pseason, preleasedate, pimg1, pimg2, pimg3)
values('LC2C4KOP264W', 3, '여성', '드레스', '미니 드레스','아일렛 비딩 슬리브리스 드레스',985000,
'은은한 광택감이 있는 케이블 짜임
으로 부분적으로 아일렛을 더해 눈길을 끄는 슬리브리스 드레스입니다. 서로 다른 두가지의 톤
 온 톤 비딩을 블록하여 랑방 컬렉션만의 꾸띄르적 감각이 돋보이며, 단품으로도 스타일리시하
게 연출할 수 있습니다. 내부에 이너 슬립이 연결되어 있어 부담없이 착용하기 좋습니다.', '22SS', sysdate,
      'http://newmedia.thehandsome.com/LC/2C/SS/LC2C4KOP264W_LK_T01.jpg',
      'http://newmedia.thehandsome.com/LC/2C/SS/LC2C4KOP264W_LK_T02.jpg',
 'http://newmedia.thehandsome.com/LC/2C/SS/LC2C4KOP264W_LK_W01.jpg/dims/resize/684x1032/');
 insert into color(pid, ccolorname) 
 values('LC2C4KOP264W','green');
 insert into product_size(pid, psize)
 values('LC2C4KOP264W','S');

 
 insert into product(pid, bno, clarge, cmedium, csmall, 
pname, pprice, pdetail, pseason, preleasedate, pimg1, pimg2, pimg3)
values('O22C4WOP566W', 10, '여성', '드레스', '미니 드레스','텍스처 블록 플리츠 점프 수트',378000,
'지퍼 여밈라인과 후드에 
리브 니트 텍스처를 블록하여 유니크한 외관을 선사하는 점프 수트로, 돔 쉐입의 펄 지퍼 장식
이 눈길을 끕니다. 언뜻 보기에 마치 미니 드레스의 실루엣을 연상시키는 이 드레스는 단독으 
로도 스타일리시하게 연출하기 좋은 아이템입니다.', '22SS', sysdate,
      'http://newmedia.thehandsome.com/O2/2C/SS/O22C4WOP566W_BK_T01.jpg',
      'http://newmedia.thehandsome.com/O2/2C/SS/O22C4WOP566W_BK_T02.jpg',
 'http://newmedia.thehandsome.com/O2/2C/SS/O22C4WOP566W_BK_W01.jpg/dims/resize/684x1032/');
 
 insert into color(pid, ccolorname) 
 values('O22C4WOP566W','black');
 insert into product_size(pid, psize)
 values('O22C4WOP566W','XS');
 insert into product_size(pid, psize)
 values('O22C4WOP566W','S');
 insert into product_size(pid, psize)
 values('O22C4WOP566W','M');
 
 insert into product(pid, bno, clarge, cmedium, csmall, 
pname, pprice, pdetail, pseason, preleasedate, pimg1, pimg2, pimg3)
values('MW2C4WOP414W', 7, '여성', '드레스', '미니 드레스','스트랩 버튼 드레스',418000,
'앞면 상단에 단계적으로 턱을 잡아 유니크한  
외관을 연출하는 드레스로, 밑단으로 갈수록 풍성하게 플레어지는 실루엣과 짧은 길이감이 어 
우러져 클럽 모나코만의 도시적인 스타일을 부드럽지만 미니멀하게 풀어냈습니다. 허리에 더해
진 스트랩으로 라인을 강조한 슬림한 실루엣을 연출할 수 있습니다.', '22SS', sysdate,
      'http://newmedia.thehandsome.com/MW/2C/SS/MW2C4WOP414W_BG_T01.jpg',
      'http://newmedia.thehandsome.com/MW/2C/SS/MW2C4WOP414W_BG_T02.jpg',
 'http://newmedia.thehandsome.com/MW/2C/SS/MW2C4WOP414W_BG_W01.jpg/dims/resize/684x1032/');
 
 insert into color(pid, ccolorname) 
 values('MW2C4WOP414W','beige');
 insert into color(pid, ccolorname) 
 values('MW2C4WOP414W','black');
 insert into product_size(pid, psize)
 values('MW2C4WOP414W','XS');
 insert into product_size(pid, psize)
 values('MW2C4WOP414W','S');
 insert into product_size(pid, psize)
 values('MW2C4WOP414W','M');
 
 insert into product(pid, bno, clarge, cmedium, csmall, 
pname, pprice, pdetail, pseason, preleasedate, pimg1, pimg2, pimg3)
values('MW2C3WJZ301E', 7, '여성', '드레스', '미니 드레스','패널 슬리브리스 점프 수트',298000,
'어깨 라인이 드러나는 과감한 디자인 
으로 앞면에 패널을 한겹 레이어하여 마치 슬리브리스 탑과 팬츠를 따로 연출한 듯한 유니크한
 외관이 돋보이는 점프 수트입니다. 허리 라인 양 옆에 각각 1개의 주름을 잡아 밑단까지 유려
하게 흐르는 와이드 실루엣이 스타일리시한 무드를 선사하며 단품으로 스타일을 완성하기 좋은
 아이템입니다.', '22SS', sysdate,
      'http://newmedia.thehandsome.com/MW/2C/SS/MW2C3WJZ301E_BK_T01.jpg',
      'http://newmedia.thehandsome.com/MW/2C/SS/MW2C3WJZ301E_BK_T02.jpg',
 'http://newmedia.thehandsome.com/MW/2C/SS/MW2C3WJZ301E_BK_W01.jpg/dims/resize/684x1032/');
 
 insert into color(pid, ccolorname) 
 values('MW2C3WJZ301E','grey');
 insert into color(pid, ccolorname) 
 values('MW2C3WJZ301E','black');
 insert into product_size(pid, psize)
 values('MW2C3WJZ301E','XS');
 insert into product_size(pid, psize)
 values('MW2C3WJZ301E','S');
 insert into product_size(pid, psize)
 values('MW2C3WJZ301E','M');
 
 insert into product(pid, bno, clarge, cmedium, csmall, 
pname, pprice, pdetail, pseason, preleasedate, pimg1, pimg2, pimg3)
values('MW2C3WDR201E', 7, '여성', '드레스', '미니 드레스','벌룬 슬리브 브이넷 플로럴 드레스',358000,
'깊게 파인 브이넥 디자인으로  
세련미를 더해준 드레스로 배색 플로럴 프린팅이 어우러져 눈길을 끕니다. 소맷단 이면에 밴딩
을 더해 과하지 않은 벌룬 슬리브로 페미닌한 감각을 더해주었으며, 스커트에 부분적으로 턱을
 잡아 자연스러운 주름이 조화를 이루어 클럽 모나코만의 섬세한 디테일 포인트를 살렸습니다. 단품으로도 스타일리시하게 연출할 수 있습니다.', '22SS', sysdate,
      'http://newmedia.thehandsome.com/MW/2C/SS/MW2C3WDR201E_MU_T01.jpg',
      'http://newmedia.thehandsome.com/MW/2C/SS/MW2C3WDR201E_MU_T02.jpg',
 'http://newmedia.thehandsome.com/MW/2C/SS/MW2C3WDR201E_MU_W01.jpg/dims/resize/684x1032/');
 insert into color(pid, ccolorname) 
 values('MW2C3WDR201E','grey');
 insert into product_size(pid, psize)
 values('MW2C3WDR201E','XS');
 insert into product_size(pid, psize)
 values('MW2C3WDR201E','S');
 
 insert into product(pid, bno, clarge, cmedium, csmall, 
pname, pprice, pdetail, pseason, preleasedate, pimg1, pimg2, pimg3)
values('SJ2C1NPCQ10WM', 5, '여성', '팬츠', '캐주얼','백 밴딩 원턱 팬츠',275000,
'허리에 주름을 잡아 밑단까지 여유롭게 떨어
지는 실루엣으로 자연스럽고 유려하게 흘러내리는 외관을 연출합니다. 100% 면 소재로 탄탄한 
아웃핏을 자랑하며, 뒤 허리 라인에 밴딩을 더해 한층 편안한 착용감을 선사합니다. SJSJ만의 
여성스러운 하트 쉐입의 엠블럼 버튼을 더해 디자인을 섬세하게 완성했습니다.', '22SS', sysdate,
      'http://newmedia.thehandsome.com/SJ/2C/SS/SJ2C1NPCQ10WM_OT_T01.jpg',
      'http://newmedia.thehandsome.com/SJ/2C/SS/SJ2C1NPCQ10WM_OT_T02.jpg',
 'http://newmedia.thehandsome.com/SJ/2C/SS/SJ2C1NPCQ10WM_OT_W01.jpg/dims/resize/684x1032/');
 insert into color(pid, ccolorname) 
 values('SJ2C1NPCQ10WM','beige');
 insert into color(pid, ccolorname) 
 values('SJ2C1NPCQ10WM','khaki');
 insert into product_size(pid, psize)
 values('SJ2C1NPCQ10WM','XS');
 insert into product_size(pid, psize)
 values('SJ2C1NPCQ10WM','S');
 insert into product_size(pid, psize)
 values('SJ2C1NPCQ10WM','M');
 
 insert into product(pid, bno, clarge, cmedium, csmall, 
pname, pprice, pdetail, pseason, preleasedate, pimg1, pimg2, pimg3)
values('IL2C4KPC571W', 9, '여성', '팬츠', '캐주얼','울 블렌드 컬러 라인 와이드 팬츠',495000,
'밑단까지 부드럽고 유려하게 흐
르는 와이드한 실루엣으로 세련미를 더한 팬츠입니다. 허리 라인 상단을 따라 배색 컬러 라인 
을 더해 래트만의 섬세한 디테일 포인트를 주었으며, 전체 밴딩을 블록하여 착용감 또한 편안 
합니다.', '22SS', sysdate,
      'http://newmedia.thehandsome.com/IL/2C/SS/IL2C4KPC571W_IV_T01.jpg',
      'http://newmedia.thehandsome.com/IL/2C/SS/IL2C4KPC571W_IV_T02.jpg',
 'http://newmedia.thehandsome.com/IL/2C/SS/IL2C4KPC571W_IV_W01.jpg/dims/resize/684x1032/');
 
 insert into color(pid, ccolorname) 
 values('IL2C4KPC571W','white');
 insert into color(pid, ccolorname) 
 values('IL2C4KPC571W','black');
 
 insert into product_size(pid, psize)
 values('IL2C4KPC571W','S');
 
 
 insert into product(pid, bno, clarge, cmedium, csmall, 
pname, pprice, pdetail, pseason, preleasedate, pimg1, pimg2, pimg3)
values('CM2C5WPC279W', 6, '여성', '팬츠', '캐주얼','밴딩 와이드 팬츠',395000,
'언뜻 치마처럼 보일 정도로 넓은 와이드 실루엣
의 팬츠로 은은한 광택감이 도는 실키한 텍스처를 사용하여 더 캐시미어만의 고급스러운 분위 
기를 연출해 줍니다. 가볍고 촉촉한 터치감의 돋보이며, 허리 라인에 밴딩을 블록하여 편안한 
착용감을 선사합니다.', '22SS', sysdate,
      'http://newmedia.thehandsome.com/CM/2C/SS/CM2C5WPC279W_TN_T01.jpg',
      'http://newmedia.thehandsome.com/CM/2C/SS/CM2C5WPC279W_TN_T02.jpg',
 'http://newmedia.thehandsome.com/CM/2C/SS/CM2C5WPC279W_TN_W01.jpg/dims/resize/684x1032/');
 
 insert into color(pid, ccolorname) 
 values('CM2C5WPC279W','brown');
 insert into color(pid, ccolorname) 
 values('CM2C5WPC279W','navy');
 
 insert into product_size(pid, psize)
 values('CM2C5WPC279W','S');
 insert into product_size(pid, psize)
 values('CM2C5WPC279W','M');
 
 insert into product(pid, bno, clarge, cmedium, csmall, 
pname, pprice, pdetail, pseason, preleasedate, pimg1, pimg2, pimg3)
values('CM2C5WPC277WM1', 6, '여성', '팬츠', '캐주얼','린넨 블렌드 원턱 와이드 팬츠',445000,
'린넨과 스판을 혼방한 가벼운 소
재에서 S/S 시즌 무드가 물씬 느껴지는 와이드 팬츠로 허리 라인에 턱을 잡아 한층 정돈된 외 
관을 연출합니다. 자연스럽게 주름이 진 텍스처가 내추럴한 느낌을 더해주며, 차분한 컬러감으
로 어디에나 두루 매치하여 활용하기 좋은 아이템입니다.', '22SS', sysdate,
      'http://newmedia.thehandsome.com/CM/2C/SS/CM2C5WPC277WM1_NY_T01.jpg',
      'http://newmedia.thehandsome.com/CM/2C/SS/CM2C5WPC277WM1_NY_T02.jpg',
 'http://newmedia.thehandsome.com/CM/2C/SS/CM2C5WPC277WM1_NY_W01.jpg/dims/resize/684x1032/');
 insert into color(pid, ccolorname) 
 values('CM2C5WPC277WM1','black');
 
 insert into product_size(pid, psize)
 values('CM2C5WPC277WM1','S');
 insert into product_size(pid, psize)
 values('CM2C5WPC277WM1','M');
 
 insert into product(pid, bno, clarge, cmedium, csmall, 
pname, pprice, pdetail, pseason, preleasedate, pimg1, pimg2, pimg3)
values('MW2C3WPC304E', 7, '여성', '팬츠', '캐주얼','린넨 블렌드 와이드 팬츠',298000,
'가볍고 얇은 린넨 혼방 소재를 사용하여
 내추럴한 텍스처가 돋보이는 팬츠입니다. 밑단까지 유려하게 흐르는 와이드한 실루엣으로 군 
더더기 없이 깔끔한 외관을 자랑합니다. 포멀, 캐주얼 룩 모두 아울러 매치하기 좋습니다.', '22SS', sysdate,
      'http://newmedia.thehandsome.com/MW/2C/SS/MW2C3WPC304E_BG_T01.jpg',
      'http://newmedia.thehandsome.com/MW/2C/SS/MW2C3WPC304E_BG_T02.jpg',
 'http://newmedia.thehandsome.com/MW/2C/SS/MW2C3WPC304E_BG_W01.jpg/dims/resize/684x1032/');
 
 insert into color(pid, ccolorname) 
 values('MW2C3WPC304E','black');
 insert into color(pid, ccolorname) 
 values('MW2C3WPC304E','beige');
 
 insert into product_size(pid, psize)
 values('MW2C3WPC304E','XXS');
 insert into product_size(pid, psize)
 values('MW2C3WPC304E','XS');
 insert into product_size(pid, psize)
 values('MW2C3WPC304E','S');
 insert into product_size(pid, psize)
 values('MW2C3WPC304E','M');
 
 insert into product(pid, bno, clarge, cmedium, csmall, 
pname, pprice, pdetail, pseason, preleasedate, pimg1, pimg2, pimg3)
values('LC2C4WSC767W', 3, '여성', '스커트', '미니 스커트','글리터링 케이블 비딩 스커트',895000,
'움직이지 않아도 화려하게 반짝이는 
글리터링 원사를 믹스하여 섬세한 케이블 짜임의 텍스처가 눈길을 끄는 스커트입니다. 서로 다
른 쉐입의 입체감 있는 비딩을 블록하여 포인트 디테일을 살렸습니다. 다양한 룩에 포인트 아 
이템으로 매치하기 좋습니다.', '22SS', sysdate,
      'http://newmedia.thehandsome.com/LC/2C/SS/LC2C4WSC767W_BG_T01.jpg',
      'http://newmedia.thehandsome.com/LC/2C/SS/LC2C4WSC767W_BG_T02.jpg',
 'http://newmedia.thehandsome.com/LC/2C/SS/LC2C4WSC767W_BG_W01.jpg/dims/resize/684x1032/');
 
 insert into color(pid, ccolorname) 
 values('LC2C4WSC767W','beige');
 insert into color(pid, ccolorname) 
 values('LC2C4WSC767W','purple');
 insert into product_size(pid, psize)
 values('LC2C4WSC767W','XS');
 insert into product_size(pid, psize)
 values('LC2C4WSC767W','S');
 insert into product_size(pid, psize)
 values('LC2C4WSC767W','M');
 
 insert into product(pid, bno, clarge, cmedium, csmall, 
pname, pprice, pdetail, pseason, preleasedate, pimg1, pimg2, pimg3)
values('CM2C4KSC956W', 6, '여성', '스커트', '미니 스커트','크로셰 니트 버튼 스커트',365000,
'마치 손으로 짠 듯한 크로셰 짜임과 조화
롭게 배색된 컬러라인이 어우러져 더 캐시미어만의 디자인 감각을 엿볼수 있는 스커트입니다. 
앞면에 캐시미어만의 섬세한 버튼을 더해 디테일을 더했으며, 허리 라인에 밴딩을 더해 편안한
 착용감을 선사합니다. 같은 소재의 가디건을 셋업으로 연출할 수 있습니다.', '22SS', sysdate,
      'http://newmedia.thehandsome.com/CM/2C/SS/CM2C4KSC956W_IN_T01.jpg',
      'http://newmedia.thehandsome.com/CM/2C/SS/CM2C4KSC956W_IN_T01.jpg',
 'http://newmedia.thehandsome.com/CM/2C/SS/CM2C4KSC956W_IN_W01.jpg/dims/resize/684x1032/');
 
 insert into color(pid, ccolorname) 
 values('CM2C4KSC956W','navy');
 insert into color(pid, ccolorname) 
 values('CM2C4KSC956W','green');
 insert into product_size(pid, psize)
 values('CM2C4KSC956W','S');
 insert into product_size(pid, psize)
 values('CM2C4KSC956W','M');
 
 insert into product(pid, bno, clarge, cmedium, csmall, 
pname, pprice, pdetail, pseason, preleasedate, pimg1, pimg2, pimg3)
values('SJ2C3WSC494WM', 5, '여성', '스커트', '미니 스커트','백 밴딩 벨티드 미니 스커트',255000,
'레더 벨트와 백 밴딩 블록으로 실루 
엣 조절이 용이하고 앞면에 두개의 턱 장식으로 A라인 실루엣을 만들어준 미니 스커트입니다. 
와이드한 벨트고리와 포켓라인, 중앙에 가로로 디자인된 스티치가 베이직한 디자인에 포인트가
 됩니다. 허리 라인 뒷면에 밴딩 블록과 신축성이 뛰어난 소재로 편안한 착용감을 선사하며,  
가볍고 얇은 소재감으로 S/S시즌에 착용하기 좋은 아이템입니다.', '22SS', sysdate,
      'http://newmedia.thehandsome.com/SJ/2C/SS/SJ2C3WSC494WM_LE_T01.jpg',
      'http://newmedia.thehandsome.com/SJ/2C/SS/SJ2C3WSC494WM_LE_T02.jpg',
 'http://newmedia.thehandsome.com/SJ/2C/SS/SJ2C3WSC494WM_LE_W01.jpg/dims/resize/684x1032/');
 
 insert into color(pid, ccolorname) 
 values('SJ2C3WSC494WM','beige');
 insert into product_size(pid, psize)
 values('SJ2C3WSC494WM','S');
 insert into product_size(pid, psize)
 values('SJ2C3WSC494WM','M');
 insert into product_size(pid, psize)
 values('SJ2C3WSC494WM','XS');
 
 insert into product(pid, bno, clarge, cmedium, csmall, 
pname, pprice, pdetail, pseason, preleasedate, pimg1, pimg2, pimg3)
values('O22C4KSC318W', 10, '여성', '스커트', '미니 스커트','포켓 블록 니트 스커트',298000,
'두 가지 컬러 원사가 어우러져 눈길을 끄는
 스커트입니다. 양쪽에 포켓을 블록 하여 포인트 주었으며, 부드러운 소재감을 사용하여 허리 
라인에 전체 니트 밴딩을 더해 한층 편안한 착용감을 자랑합니다. 같은 소재의 상의와 함께 매
치하여 스타일리시하게 착용할 수 있습니다.', '22SS', sysdate,
      'http://newmedia.thehandsome.com/O2/2C/SS/O22C4KSC318W_DN_T01.jpg',
      'http://newmedia.thehandsome.com/O2/2C/SS/O22C4KSC318W_DN_T02.jpg',
 'http://newmedia.thehandsome.com/O2/2C/SS/O22C4KSC318W_DN_W01.jpg/dims/resize/684x1032/');
 
 insert into color(pid, ccolorname) 
 values('O22C4KSC318W','grey');
 insert into color(pid, ccolorname) 
 values('O22C4KSC318W','yellow');
 insert into product_size(pid, psize)
 values('O22C4KSC318W','S');
 insert into product_size(pid, psize)
 values('O22C4KSC318W','M');
 
 insert into product(pid, bno, clarge, cmedium, csmall, 
pname, pprice, pdetail, pseason, preleasedate, pimg1, pimg2, pimg3)
values('SY2C4WSC906W', 4, '여성', '스커트', '미니 스커트','원턱 돔 버튼 스커트',275000,
'프런트 포켓 옆에 로고를 각인한 돔 버튼을  
장식하여 포인트를 살린 스커트로, 허리 라인 양 옆에 각각 1개의 주름을 잡아 트렌디한 실루 
엣을 선사합니다. 베이직한 컬러감으로 어디에나 두루 잘 어울려 다양한 룩에 활용하기 좋은  
아이템입니다.', '22SS', sysdate,
      'http://newmedia.thehandsome.com/SY/2C/SS/SY2C4WSC906W_CR_T01.jpg',
      'http://newmedia.thehandsome.com/SY/2C/SS/SY2C4WSC906W_CR_T02.jpg',
 'http://newmedia.thehandsome.com/SY/2C/SS/SY2C4WSC906W_CR_W01.jpg/dims/resize/684x1032/');
 
 insert into color(pid, ccolorname) 
 values('SY2C4WSC906W','beige');
 insert into color(pid, ccolorname) 
 values('SY2C4WSC906W','khaki');
 insert into product_size(pid, psize)
 values('SY2C4WSC906W','XS');
 insert into product_size(pid, psize)
 values('SY2C4WSC906W','S');
 insert into product_size(pid, psize)
 values('SY2C4WSC906W','M');

 commit;