 
 insert into product(pid, bno, clarge, cmedium, csmall, 
pname, pprice, pdetail, pseason, preleasedate, pimg1, pimg2, pimg3)
values('TH2C5WJC056M', 12, '남성', '아우터', '재킷','울 블렌드 스트레치 재킷', 790000,
'울 혼방 소재를 사용하여 소재만으로도 
고급스러움이 물씬 느껴지며, 부드러운 터치감을 자랑하는 재킷입니다. 어깨 라인을 따라 깔끔
하게 떨어지며, 타임 옴므만의 퀄리티 높은 테일러링과 세련된 색감이 돋보이는 아이템입니다. 같은 소재의 하의와 함께 매치하여 셋업으로 착용할 수 있습니다.', '22SS', sysdate,
      'http://newmedia.thehandsome.com/TH/2C/SS/TH2C5WJC056M_BK_T01.jpg',
      'http://newmedia.thehandsome.com/TH/2C/SS/TH2C5WJC056M_BK_T02.jpg',
 'http://newmedia.thehandsome.com/TH/2C/SS/TH2C5WJC056M_BK_W01.jpg/dims/resize/684x1032/');
 insert into color(pid, ccolorname) 
 values('TH2C5WJC056M','grey');
 insert into color(pid, ccolorname) 
 values('TH2C5WJC056M','black');
 
 insert into product_size(pid, psize)
 values('TH2C5WJC056M','M'); 
 insert into product_size(pid, psize)
 values('TH2C5WJC056M','L');
 insert into product_size(pid, psize)
 values('TH2C5WJC056M','XL'); 
 insert into product_size(pid, psize)
 values('TH2C5WJC056M','XXL');
 
 insert into product(pid, bno, clarge, cmedium, csmall, 
pname, pprice, pdetail, pseason, preleasedate, pimg1, pimg2, pimg3)
values('TH2C4WJC058M', 12, '남성', '아우터', '재킷','크리스피 싱글 재킷', 750000,
'가볍고 바스락거리는 소재로 내추럴한 매력이
 돋보이는 싱글 재킷입니다. 여유 있는 레귤러 핏과 깔끔한 테일러드 칼라가 타임 옴므만의 뛰
어난 테일러링 퀄리티를 선보입니다. 스판 혼방 소재로 편안한 착용감을 전해주며, 캐주얼 룩 
으로든 포멀 룩으로든 어디에나 매치하기 좋은 아이템입니다.', '22SS', sysdate,
      'http://newmedia.thehandsome.com/TH/2C/SS/TH2C4WJC058M_KG_T01.jpg',
      'http://newmedia.thehandsome.com/TH/2C/SS/TH2C4WJC058M_KG_T02.jpg',
 'http://newmedia.thehandsome.com/TH/2C/SS/TH2C4WJC058M_KG_W01.jpg/dims/resize/684x1032/');
 
 insert into color(pid, ccolorname) 
 values('TH2C4WJC058M','grey');
 insert into color(pid, ccolorname) 
 values('TH2C4WJC058M','black');
 
 insert into product_size(pid, psize)
 values('TH2C4WJC058M','M'); 
 insert into product_size(pid, psize)
 values('TH2C4WJC058M','L');
 insert into product_size(pid, psize)
 values('TH2C4WJC058M','XL'); 
 insert into product_size(pid, psize)
 values('TH2C4WJC058M','XXL');
 
 insert into product(pid, bno, clarge, cmedium, csmall, 
pname, pprice, pdetail, pseason, preleasedate, pimg1, pimg2, pimg3)
values('SH2C1WJCT02M', 13, '남성', '아우터', '재킷','오버사이즈 싱글 재킷', 620000,
'박시한 실루엣으로 가볍게 걸쳐도 
스타일리시한 이 재킷은 캐주얼 룩에도 포멀 룩에도 두루 활용할 수 있습니다. 어깨에 패드가 
있어 정돈된 실루엣을 완성시켜주며, 싱글 브레스티드 디자인이 깔끔한 느낌을 줍니다. S/S 시
즌에 어울리기 좋은 컬러감의 아이템입니다.', '22SS', sysdate,
      'http://newmedia.thehandsome.com/SH/2C/SS/SH2C1WJCT02M_OW_T01.jpg',
      'http://newmedia.thehandsome.com/SH/2C/SS/SH2C1WJCT02M_OW_T02.jpg',
 'http://newmedia.thehandsome.com/SH/2C/SS/SH2C1WJCT02M_OW_W01.jpg/dims/resize/684x1032/');
 insert into color(pid, ccolorname) 
 values('SH2C1WJCT02M','white');
 
 insert into product_size(pid, psize)
 values('SH2C1WJCT02M','M'); 
 insert into product_size(pid, psize)
 values('SH2C1WJCT02M','L');
 insert into product_size(pid, psize)
 values('SH2C1WJCT02M','XL'); 
 insert into product_size(pid, psize)
 values('SH2C1WJCT02M','XXL');
 
 insert into product(pid, bno, clarge, cmedium, csmall, 
pname, pprice, pdetail, pseason, preleasedate, pimg1, pimg2, pimg3)
values('MM2C4WJC204M', 15, '남성', '아우터', '재킷','싱글 셋업 재킷', 478000,
'얇고 가벼운 소재감에서 S/S 시즌무드가 물씬 느 
껴지는 재킷으로, 자연스럽게 주름진 크링클한 텍스처를 사용하여 입어도 주름이 잘 가지 않고
 편안한 착용감을 선사합니다. 기본적인 싱글 브레스티드 디자인으로 클럽 모나코만의 미니멀 
한 감각이 돋보이며, 캐주얼하게 스타일링 하거나 같은 소재의 팬츠와 셋업하여 착용하기 좋은
 아이템입니다.', '22SS', sysdate,
      'http://newmedia.thehandsome.com/MM/2C/SS/MM2C4WJC204M_KG_T01.jpg',
      'http://newmedia.thehandsome.com/MM/2C/SS/MM2C4WJC204M_KG_T02.jpg',
 'http://newmedia.thehandsome.com/MM/2C/SS/MM2C4WJC204M_KG_W01.jpg/dims/resize/684x1032/');
 
 insert into color(pid, ccolorname) 
 values('MM2C4WJC204M','black');
 insert into color(pid, ccolorname) 
 values('MM2C4WJC204M','grey');
 
 insert into product_size(pid, psize)
 values('MM2C4WJC204M','M'); 
 insert into product_size(pid, psize)
 values('MM2C4WJC204M','L');
 insert into product_size(pid, psize)
 values('MM2C4WJC204M','XL'); 
 insert into product_size(pid, psize)
 values('MM2C4WJC204M','XXL');
 
 insert into product(pid, bno, clarge, cmedium, csmall, 
pname, pprice, pdetail, pseason, preleasedate, pimg1, pimg2, pimg3)
values('MM2C3WJC203M', 15, '남성', '아우터', '재킷','크링클 싱글 재킷', 478000,
'S/S 시즌 무드가 돋보이는 가볍고 시원한 소재 
의 재킷으로 크링클한 텍스처를 사용하여 입어도 주름이 잘 가지 않고 편안한 착용감을 선사합
니다. 기본적인 싱글 브레스티드 디자인으로 클럽 모나코만의 미니멀한 감각이 돋보이며, 캐주
얼하게 스타일링 하거나 같은 소재의 팬츠와 셋업하여 착용하기 좋은 아이템입니다.', '22SS', sysdate,
      'http://newmedia.thehandsome.com/MM/2C/SS/MM2C3WJC203M_CM_T01.jpg',
      'http://newmedia.thehandsome.com/MM/2C/SS/MM2C3WJC203M_CM_T02.jpg',
 'http://newmedia.thehandsome.com/MM/2C/SS/MM2C3WJC203M_CM_W01.jpg/dims/resize/684x1032/');
 
 insert into color(pid, ccolorname) 
 values('MM2C3WJC203M','black');
 insert into color(pid, ccolorname) 
 values('MM2C3WJC203M','beige');
 
 insert into product_size(pid, psize)
 values('MM2C3WJC203M','M'); 
 insert into product_size(pid, psize)
 values('MM2C3WJC203M','L');
 insert into product_size(pid, psize)
 values('MM2C3WJC203M','XL'); 
 insert into product_size(pid, psize)
 values('MM2C3WJC203M','XXL');
 
 insert into product(pid, bno, clarge, cmedium, csmall, 
pname, pprice, pdetail, pseason, preleasedate, pimg1, pimg2, pimg3)
values('MM2C1WJS080MM', 15, '남성', '아우터', '재킷','싱글 셋업 재킷', 458000,
'S/S 시즌 무드가 돋보이는 가볍고 시원한 소재의
 재킷으로 잔잔하게 주름을 더한 텍스처를 사용하여 입어도 주름이 잘 가지 않고 편안한 착용 
감을 선사합니다. 기본적인 싱글 브레스티드 디자인으로 클럽 모나코만의 미니멀한 감각이 돋 
보이며, 양 옆에 플랩 포켓과 소맷단에 버튼 장식, 뒷면 밑단에 사이드 벤트를 더해 한층 단정
하고 포멀하게 완성했습니다.', '22SS', sysdate,
      'http://newmedia.thehandsome.com/MM/2C/SS/MM2C1WJS080MM_DG_T01.jpg',
      'http://newmedia.thehandsome.com/MM/2C/SS/MM2C1WJS080MM_DG_T02.jpg',
 'http://newmedia.thehandsome.com/MM/2C/SS/MM2C1WJS080MM_DG_W01.jpg/dims/resize/684x1032/');
 
 insert into color(pid, ccolorname) 
 values('MM2C1WJS080MM','charcoal');
 insert into color(pid, ccolorname) 
 values('MM2C1WJS080MM','grey');
 
 insert into product_size(pid, psize)
 values('MM2C1WJS080MM','M'); 
 insert into product_size(pid, psize)
 values('MM2C1WJS080MM','L');
 insert into product_size(pid, psize)
 values('MM2C1WJS080MM','XL'); 
 insert into product_size(pid, psize)
 values('MM2C1WJS080MM','XXL');
 
 insert into product(pid, bno, clarge, cmedium, csmall, 
pname, pprice, pdetail, pseason, preleasedate, pimg1, pimg2, pimg3)
values('SH2C3WJC256M', 13, '남성', '아우터', '재킷','히든 버튼 싱글 재킷', 450000,
'입체적으로 재단된 플랩 포켓과 앞 여밈의  
버튼을 보이지 않게 디자인하여 세련된 디테일을 한층 돋보이게 하는 재킷입니다. 신축성 있는
 소재감으로 편안하게 착용하기 좋으며, 같은 소재의 팬츠와 셋업시 더욱 멋스럽게 스타일링할
 수 있습니다.', '22SS', sysdate,
      'http://newmedia.thehandsome.com/SH/2C/SS/SH2C3WJC256M_IN_T01.jpg',
      'http://newmedia.thehandsome.com/SH/2C/SS/SH2C3WJC256M_IN_T02.jpg',
 'http://newmedia.thehandsome.com/SH/2C/SS/SH2C3WJC256M_IN_W01.jpg/dims/resize/684x1032/');
 
 insert into color(pid, ccolorname) 
 values('SH2C3WJC256M','navy');
 insert into color(pid, ccolorname) 
 values('SH2C3WJC256M','beige');
 
 insert into product_size(pid, psize)
 values('SH2C3WJC256M','M'); 
 insert into product_size(pid, psize)
 values('SH2C3WJC256M','L');
 insert into product_size(pid, psize)
 values('SH2C3WJC256M','XL'); 
 insert into product_size(pid, psize)
 values('SH2C3WJC256M','XXL');
 
 insert into product(pid, bno, clarge, cmedium, csmall, 
pname, pprice, pdetail, pseason, preleasedate, pimg1, pimg2, pimg3)
values('TH2C3WJC209M', 12, '남성', '아우터', '재킷','린넨 블렌드 크링클 재킷', 790000,
'과하지 않은 잔잔한 크링클 텍스처가 돋
보이는 재킷으로, 가볍고 얇은 린넨 혼방 소재를 사용하여 계절감이 물씬 느껴지며 신축성이  
있어 편안한 착용감을 자랑합니다. 앞면에 플랩 포켓을 블록하여 포인트 디테일을 주었습니다. 같은 소재의 팬츠와 함께 셋업으로 매치하여 스타일리시하게 연출할 수 있습니다.', '22SS', sysdate,
      'http://newmedia.thehandsome.com/TH/2C/SS/TH2C3WJC209M_DE_T01.jpg',
      'http://newmedia.thehandsome.com/TH/2C/SS/TH2C3WJC209M_DE_T02.jpg',
 'http://newmedia.thehandsome.com/TH/2C/SS/TH2C3WJC209M_DE_W01.jpg/dims/resize/684x1032/');
 
 insert into color(pid, ccolorname) 
 values('TH2C3WJC209M','brown');
 insert into color(pid, ccolorname) 
 values('TH2C3WJC209M','beige');
 
 insert into product_size(pid, psize)
 values('TH2C3WJC209M','M'); 
 insert into product_size(pid, psize)
 values('TH2C3WJC209M','L');
 insert into product_size(pid, psize)
 values('TH2C3WJC209M','XL'); 
 insert into product_size(pid, psize)
 values('TH2C3WJC209M','XXL');
 
 insert into product(pid, bno, clarge, cmedium, csmall, 
pname, pprice, pdetail, pseason, preleasedate, pimg1, pimg2, pimg3)
values('TH2C4WJC053M', 12, '남성', '아우터', '재킷','시어서커 싱글 재킷', 790000,
'잔잔한 주름이 있는 소재 특유의 텍스처가 S/S 시즌 무드를 전해주는 재킷으로 셋업 하의와 함께 세미 포멀 룩을 완성할 수 있습니다. 타임
 옴므만의 퀄리티 높은 테일러링으로 흠잡을 데 없는 핏을 연출하며, 가볍고 스트레치가 있어 
착용감 또한 좋습니다.', '22SS', sysdate,
      'http://newmedia.thehandsome.com/TH/2C/SS/TH2C4WJC053M_BK_T01.jpg',
      'http://newmedia.thehandsome.com/TH/2C/SS/TH2C4WJC053M_BK_T02.jpg',
 'http://newmedia.thehandsome.com/TH/2C/SS/TH2C4WJC053M_BK_W01.jpg/dims/resize/684x1032/');
 
 insert into color(pid, ccolorname) 
 values('TH2C4WJC053M','black');
 insert into color(pid, ccolorname) 
 values('TH2C4WJC053M','beige');
 insert into color(pid, ccolorname) 
 values('TH2C4WJC053M','white');
 
 insert into product_size(pid, psize)
 values('TH2C4WJC053M','M'); 
 insert into product_size(pid, psize)
 values('TH2C4WJC053M','L');
 insert into product_size(pid, psize)
 values('TH2C4WJC053M','XL'); 
 insert into product_size(pid, psize)
 values('TH2C4WJC053M','XXL');
 
 insert into product(pid, bno, clarge, cmedium, csmall, 
pname, pprice, pdetail, pseason, preleasedate, pimg1, pimg2, pimg3)
values('TH2C4WJC054M', 12, '남성', '아우터', '재킷','싱글 브레스티드 재킷', 750000,
'군더더기 없이 깔끔한 아웃핏을 자랑하는  
재킷입니다. 체형에 맞게 마치 맞춘 듯이 딱 떨어지는 실루엣으로 타임 옴므만의 퀄리티 높은 
테일러링 감각을 느낄 수 있으며, 같은 소재의 팬츠와 함께 셋업으로 매치하여 포멀한 룩을 연
출하기에도 좋습니다.', '22SS', sysdate,
      'http://newmedia.thehandsome.com/TH/2C/SS/TH2C4WJC054M_EC_T01.jpg',
      'http://newmedia.thehandsome.com/TH/2C/SS/TH2C4WJC054M_EC_T02.jpg',
 'http://newmedia.thehandsome.com/TH/2C/SS/TH2C4WJC054M_EC_W01.jpg/dims/resize/684x1032/');
 
 insert into color(pid, ccolorname) 
 values('TH2C4WJC054M','grey');
 insert into color(pid, ccolorname) 
 values('TH2C4WJC054M','white');
 
 insert into product_size(pid, psize)
 values('TH2C4WJC054M','M'); 
 insert into product_size(pid, psize)
 values('TH2C4WJC054M','L');
 insert into product_size(pid, psize)
 values('TH2C4WJC054M','XL'); 
 insert into product_size(pid, psize)
 values('TH2C4WJC054M','XXL');
 
 insert into product(pid, bno, clarge, cmedium, csmall, 
pname, pprice, pdetail, pseason, preleasedate, pimg1, pimg2, pimg3)
values('TH2C3WJC208M', 12, '남성', '아우터', '재킷','린넨 블렌드 싱글 재킷', 830000,
'포멀한 디자인에 하운드투스 패턴을 더하 
여 눈길을 끄는 재킷입니다. 싱글 브레스티드 디자인으로 어디에나 두루 어울리며, 부드럽게  
각이 진 어깨와 체형에 알맞게 떨어지는 실루엣으로 타임 옴므만의 섬세하고 퀄리티 높은 테일
러링 감각을 선보입니다.', '22SS', sysdate,
      'http://newmedia.thehandsome.com/TH/2C/SS/TH2C3WJC208M_BK_T01.jpg',
      'http://newmedia.thehandsome.com/TH/2C/SS/TH2C3WJC208M_BK_T02.jpg',
 'http://newmedia.thehandsome.com/TH/2C/SS/TH2C3WJC208M_BK_W01.jpg/dims/resize/684x1032/');
 
 insert into color(pid, ccolorname) 
 values('TH2C3WJC208M','grey');
 insert into color(pid, ccolorname) 
 values('TH2C3WJC208M','beige');
 
 insert into product_size(pid, psize)
 values('TH2C3WJC208M','M'); 
 insert into product_size(pid, psize)
 values('TH2C3WJC208M','L');
 insert into product_size(pid, psize)
 values('TH2C3WJC208M','XL'); 
 insert into product_size(pid, psize)
 values('TH2C3WJC208M','XXL');
 
 insert into product(pid, bno, clarge, cmedium, csmall, 
pname, pprice, pdetail, pseason, preleasedate, pimg1, pimg2, pimg3)
values('TH2C1WJC055M', 12, '남성', '아우터', '재킷','싱글 셋업 재킷', 790000,
'군더더기 없이 깔끔한 아웃핏을 자랑하는 싱글 브
레스티드 재킷으로 앞면에 포켓을 더해 실용성을 겸비하였습니다. 마치 맞춘듯이 딱 떨어지는 
실루엣으로 퀄리티 높은 테일러링 감각을 느낄 수 있으며, 같은 소재의 팬츠와 함께 셋업으로 
매치하여 포멀한 룩을 연출하기에도 좋습니다.', '22SS', sysdate,
      'http://newmedia.thehandsome.com/TH/2C/SS/TH2C1WJC055M_BG_T01.jpg',
      'http://newmedia.thehandsome.com/TH/2C/SS/TH2C1WJC055M_BG_T02.jpg',
 'http://newmedia.thehandsome.com/TH/2C/SS/TH2C1WJC055M_BG_W01.jpg/dims/resize/684x1032/');
 
 insert into color(pid, ccolorname) 
 values('TH2C1WJC055M','black');
 insert into color(pid, ccolorname) 
 values('TH2C1WJC055M','beige');
 
 insert into product_size(pid, psize)
 values('TH2C1WJC055M','M'); 
 insert into product_size(pid, psize)
 values('TH2C1WJC055M','L');
 insert into product_size(pid, psize)
 values('TH2C1WJC055M','XL'); 
 insert into product_size(pid, psize)
 values('TH2C1WJC055M','XXL');
 
 insert into product(pid, bno, clarge, cmedium, csmall, 
pname, pprice, pdetail, pseason, preleasedate, pimg1, pimg2, pimg3)
values('TH2C4WJC205M', 12, '남성', '아우터', '재킷','드롭 숄더 싱글 재킷', 690000,
'어깨 라인이 자연스럽게 떨어지는 드롭 숄더
 디자인의 재킷입니다. 베이직한 싱글 브레스티드 디자인과 클래식한 컬러감으로 활용도를 높 
였습니다. 가볍고 얇은 소재감으로 간절기에 두루 활용하기에도 좋으며, 라이트한 착용감과 허
리 라인 양 옆에 밴딩을 더해 편안한 착용감을 선사합니다.', '22SS', sysdate,
      'http://newmedia.thehandsome.com/TH/2C/SS/TH2C4WJC205M_BK_T01.jpg',
      'http://newmedia.thehandsome.com/TH/2C/SS/TH2C4WJC205M_BK_T02.jpg',
 'http://newmedia.thehandsome.com/TH/2C/SS/TH2C4WJC205M_BK_W01.jpg/dims/resize/684x1032/');
 
 insert into color(pid, ccolorname) 
 values('TH2C4WJC205M','black');
 insert into color(pid, ccolorname) 
 values('TH2C4WJC205M','beige');
 
 insert into product_size(pid, psize)
 values('TH2C4WJC205M','M'); 
 insert into product_size(pid, psize)
 values('TH2C4WJC205M','L');
 insert into product_size(pid, psize)
 values('TH2C4WJC205M','XL'); 
 insert into product_size(pid, psize)
 values('TH2C4WJC205M','XXL');
 
 insert into product(pid, bno, clarge, cmedium, csmall, 
pname, pprice, pdetail, pseason, preleasedate, pimg1, pimg2, pimg3)
values('TH2C1WJC206M', 12, '남성', '아우터', '재킷','드롭 숄더 포켓 싱글 재킷', 790000,
'어깨 라인이 자연스럽게 떨어지는 드롭
 숄더 디자인의 재킷입니다. 마치 패널을 한겹 더 레이어한 듯한 입체감 있는 포켓을 더해 실 
용성을 겸비하였으며, 타임 옴므만의 감각적인 디자인이 돋보입니다. 가볍고 얇은 소재감으로 
간절기에 두루 활용하기에도 좋으며, 라이트한 착용감과 허리 라인 양 옆에 밴딩을 더해 편안 
한 착용감을 선사합니다.', '22SS', sysdate,
      'http://newmedia.thehandsome.com/TH/2C/SS/TH2C1WJC206M_GY_T01.jpg',
      'http://newmedia.thehandsome.com/TH/2C/SS/TH2C1WJC206M_GY_T02.jpg',
 'http://newmedia.thehandsome.com/TH/2C/SS/TH2C1WJC206M_GY_W01.jpg/dims/resize/684x1032/');
 
 insert into color(pid, ccolorname) 
 values('TH2C1WJC206M','black');
 insert into color(pid, ccolorname) 
 values('TH2C1WJC206M','grey');
 
 insert into product_size(pid, psize)
 values('TH2C1WJC206M','M'); 
 insert into product_size(pid, psize)
 values('TH2C1WJC206M','L');
 insert into product_size(pid, psize)
 values('TH2C1WJC206M','XL'); 
 insert into product_size(pid, psize)
 values('TH2C1WJC206M','XXL');
 
 insert into product(pid, bno, clarge, cmedium, csmall, 
pname, pprice, pdetail, pseason, preleasedate, pimg1, pimg2, pimg3)
values('SH2C3WJC254M', 13, '남성', '아우터', '재킷','포켓 싱글 셋업 재킷', 450000,
'얇고 가벼운 소재를 사용하여 계절감이 물씬
 느껴지는 간결한 싱글 브레스티드 디자인의 재킷입니다. 몸부드럽게 각이 진 어깨가 형태감을
 유지해주며, 같은 소재의 팬츠와 셋업으로 포멀한 분위기로 연출할 수 있습니다.', '22SS', sysdate,
      'http://newmedia.thehandsome.com/SH/2C/SS/SH2C3WJC254M_KK_T01.jpg',
      'http://newmedia.thehandsome.com/SH/2C/SS/SH2C3WJC254M_KK_T02.jpg',
 'http://newmedia.thehandsome.com/SH/2C/SS/SH2C3WJC254M_KK_W01.jpg/dims/resize/684x1032/');
 
 insert into color(pid, ccolorname) 
 values('SH2C3WJC254M','black');
 insert into color(pid, ccolorname) 
 values('SH2C3WJC254M','white');
 insert into color(pid, ccolorname) 
 values('SH2C3WJC254M','green');
 insert into product_size(pid, psize)
 values('SH2C3WJC254M','M'); 
 insert into product_size(pid, psize)
 values('SH2C3WJC254M','L');
 insert into product_size(pid, psize)
 values('SH2C3WJC254M','XL'); 
 insert into product_size(pid, psize)
 values('SH2C3WJC254M','XXL');
 
 insert into product(pid, bno, clarge, cmedium, csmall, 
pname, pprice, pdetail, pseason, preleasedate, pimg1, pimg2, pimg3)
values('TH2C1WJC051M', 12, '남성', '아우터', '재킷','울 블렌드 싱글 셋업 재킷', 790000,
'얇고 가벼우며, 자연스럽고 내추럴한 
질감이 돋보이는 소재로 S/S 시즌에 활용하기 좋은 재킷입니다. 단정한 싱글 브레스티드 디자 
인으로 어디에나 두루 어울리며, 같은 소재의 팬츠와 셋업하여 더욱 세련되게 연출할 수 있습 
니다.', '22SS', sysdate,
      'http://newmedia.thehandsome.com/TH/2C/SS/TH2C1WJC051M_SE_T01.jpg',
      'http://newmedia.thehandsome.com/TH/2C/SS/TH2C1WJC051M_SE_T02.jpg',
 'http://newmedia.thehandsome.com/TH/2C/SS/TH2C1WJC051M_SE_W01.jpg/dims/resize/684x1032/');
 
 insert into color(pid, ccolorname) 
 values('TH2C1WJC051M','black');
 insert into color(pid, ccolorname) 
 values('TH2C1WJC051M','grey');
 insert into color(pid, ccolorname) 
 values('TH2C1WJC051M','charcoal');
 insert into product_size(pid, psize)
 values('TH2C1WJC051M','M'); 
 insert into product_size(pid, psize)
 values('TH2C1WJC051M','L');
 insert into product_size(pid, psize)
 values('TH2C1WJC051M','XL'); 
 insert into product_size(pid, psize)
 values('TH2C1WJC051M','XXL');
 
 insert into product(pid, bno, clarge, cmedium, csmall, 
pname, pprice, pdetail, pseason, preleasedate, pimg1, pimg2, pimg3)
values('TH2C3WJC203M', 12, '남성', '아우터', '재킷','린넨 블렌드 싱글 재킷', 690000,
'깔끔한 인상을 남기는 여유있는 레귤러 핏
과 테일러드 칼라가 타임 옴므만의 뛰어난 테일러링 퀄리티를 선보입니다. 린넨과 면을 혼방한
 소재로 쿨하면서도 부드러운 소재감이 편안한 착용감을 전해주며, 캐주얼 룩으로든 포멀 룩으
로든 어디에나 매치하기 좋은 아이템입니다.', '22SS', sysdate,
      'http://newmedia.thehandsome.com/TH/2C/SS/TH2C3WJC203M_CG_T01.jpg',
      'http://newmedia.thehandsome.com/TH/2C/SS/TH2C3WJC203M_CG_T02.jpg',
 'http://newmedia.thehandsome.com/TH/2C/SS/TH2C3WJC203M_CG_W01.jpg/dims/resize/684x1032/');
 insert into color(pid, ccolorname) 
 values('TH2C3WJC203M','green');
 insert into color(pid, ccolorname) 
 values('TH2C3WJC203M','black');

 insert into product_size(pid, psize)
 values('TH2C3WJC203M','M'); 
 insert into product_size(pid, psize)
 values('TH2C3WJC203M','L');
 insert into product_size(pid, psize)
 values('TH2C3WJC203M','XL'); 
 insert into product_size(pid, psize)
 values('TH2C3WJC203M','XXL');
 
 insert into product(pid, bno, clarge, cmedium, csmall, 
pname, pprice, pdetail, pseason, preleasedate, pimg1, pimg2, pimg3)
values('TH2C3WJC052M', 12, '남성', '아우터', '재킷','싱글 셋업 재킷', 830000,
'얇고 가벼운 소재감의 재킷으로 편안한 착용감을 
선사합니다. 차분한 컬러와 레귤러 실루엣이 조화를 이뤄 간결한 디자인을 자랑합니다. 동일한
 소재의 팬츠와 셋업을 연출하면 포멀한 룩을 완성할 수 있습니다.', '22SS', sysdate,
      'http://newmedia.thehandsome.com/TH/2C/SS/TH2C3WJC052M_PE_T01.jpg',
      'http://newmedia.thehandsome.com/TH/2C/SS/TH2C3WJC052M_PE_T02.jpg',
 'http://newmedia.thehandsome.com/TH/2C/SS/TH2C3WJC052M_PE_W01.jpg/dims/resize/684x1032/');
 
 insert into color(pid, ccolorname) 
 values('TH2C3WJC052M','white');
 insert into color(pid, ccolorname) 
 values('TH2C3WJC052M','black');

 insert into product_size(pid, psize)
 values('TH2C3WJC052M','M'); 
 insert into product_size(pid, psize)
 values('TH2C3WJC052M','L');
 insert into product_size(pid, psize)
 values('TH2C3WJC052M','XL'); 
 insert into product_size(pid, psize)
 values('TH2C3WJC052M','XXL');
 
 insert into product(pid, bno, clarge, cmedium, csmall, 
pname, pprice, pdetail, pseason, preleasedate, pimg1, pimg2, pimg3)
values('MM2C3WJC202M', 15, '남성', '아우터', '재킷','싱글 브레스티드 재킷', 458000,
'얇고 가벼운 소재감의 재킷으로 편안한 착 
용감을 자랑합니다. 차분한 컬러와 레귤러 실루엣이 조화를 이루어 단정한 싱글 브레스티드와 
심플한 디자인을 자랑하며, 클럽 모나코 옴므만의 미니멀한 무드를 제안합니다.', '22SS', sysdate,
      'http://newmedia.thehandsome.com/MM/2C/SS/MM2C3WJC202M_LE_T01.jpg',
      'http://newmedia.thehandsome.com/MM/2C/SS/MM2C3WJC202M_LE_T02.jpg',
 'http://newmedia.thehandsome.com/MM/2C/SS/MM2C3WJC202M_LE_W01.jpg/dims/resize/684x1032/');
 
 insert into color(pid, ccolorname) 
 values('MM2C3WJC202M','beige');
 insert into color(pid, ccolorname) 
 values('MM2C3WJC202M','grey');

 insert into product_size(pid, psize)
 values('MM2C3WJC202M','M'); 
 insert into product_size(pid, psize)
 values('MM2C3WJC202M','L');
 insert into product_size(pid, psize)
 values('MM2C3WJC202M','XL'); 
 insert into product_size(pid, psize)
 values('MM2C3WJC202M','XXL');
 
 insert into product(pid, bno, clarge, cmedium, csmall, 
pname, pprice, pdetail, pseason, preleasedate, pimg1, pimg2, pimg3)
values('MM2C1WJC201M', 15, '남성', '아우터', '재킷','니팅 싱글 재킷', 498000,
'가볍고 두껍지 않은 소재와 컬러감으로 세련된 실
루엣을 연출하는 포멀한 재킷입니다. 체형에 맞게 떨어지는 핏으로 클럽 모나코만의 섬세하고 
높은 퀄리티를 자랑하며 단정한 싱글 브레스티드와 심플한 디자인으로 클럽 모나코만의 미니멀
한 무드를 완성하였습니다.', '22SS', sysdate,
      'http://newmedia.thehandsome.com/MM/2C/SS/MM2C1WJC201M_DN_T01.jpg',
      'http://newmedia.thehandsome.com/MM/2C/SS/MM2C1WJC201M_DN_T02.jpg',
 'http://newmedia.thehandsome.com/MM/2C/SS/MM2C1WJC201M_DN_W01.jpg/dims/resize/684x1032/');
 
 insert into color(pid, ccolorname) 
 values('MM2C1WJC201M','black');

 insert into product_size(pid, psize)
 values('MM2C1WJC201M','M'); 
 insert into product_size(pid, psize)
 values('MM2C1WJC201M','L');
 insert into product_size(pid, psize)
 values('MM2C1WJC201M','XL'); 
 insert into product_size(pid, psize)
 values('MM2C1WJC201M','XXL');
 
 insert into product(pid, bno, clarge, cmedium, csmall, 
pname, pprice, pdetail, pseason, preleasedate, pimg1, pimg2, pimg3)
values('MM2C1WJC200M', 15, '남성', '아우터', '재킷','스트레치 싱글 재킷', 478000,
'스트레치성이 뛰어난 소재를 사용하였으며,  
가벼운 소재감으로 착용감이 우수한 싱글 재킷입니다. 단정한 싱글 브레스티드와 심플한 디자 
인으로 클럽 모나코만의 미니멀한 무드를 제안합니다.', '22SS', sysdate,
      'http://newmedia.thehandsome.com/MM/2C/SS/MM2C1WJC200M_DG_T01.jpg',
      'http://newmedia.thehandsome.com/MM/2C/SS/MM2C1WJC200M_DG_T02.jpg',
 'http://newmedia.thehandsome.com/MM/2C/SS/MM2C1WJC200M_DG_W01.jpg/dims/resize/684x1032/');
 insert into color(pid, ccolorname) 
 values('MM2C1WJC200M','black');
 insert into color(pid, ccolorname) 
 values('MM2C1WJC200M','brown');
 insert into color(pid, ccolorname) 
 values('MM2C1WJC200M','beige');

 insert into product_size(pid, psize)
 values('MM2C1WJC200M','M'); 
 insert into product_size(pid, psize)
 values('MM2C1WJC200M','L');
 insert into product_size(pid, psize)
 values('MM2C1WJC200M','XL'); 
 insert into product_size(pid, psize)
 values('MM2C1WJC200M','XXL');
 
 insert into product(pid, bno, clarge, cmedium, csmall, 
pname, pprice, pdetail, pseason, preleasedate, pimg1, pimg2, pimg3)
values('SH2C1WJCT01M', 13, '남성', '아우터', '재킷','울 더블 브레스티드 재킷', 620000,
'클래식한 더블 브레스티드 디자
인의 이 재킷은 100% 울 소재에 고급스러운 컬러감과 스트라이프 라인이 조화를 이루어 시스템
 옴므만의 높은 퀄리티가 느껴집니다.', '22SS', sysdate,
      'http://newmedia.thehandsome.com/SH/2C/SS/SH2C1WJCT01M_DN_T01.jpg',
      'http://newmedia.thehandsome.com/SH/2C/SS/SH2C1WJCT01M_DN_T02.jpg',
 'http://newmedia.thehandsome.com/SH/2C/SS/SH2C1WJCT01M_DN_W01.jpg/dims/resize/684x1032/');
 
 insert into color(pid, ccolorname) 
 values('SH2C1WJCT01M','black');

 insert into product_size(pid, psize)
 values('SH2C1WJCT01M','M'); 
 insert into product_size(pid, psize)
 values('SH2C1WJCT01M','L');
 insert into product_size(pid, psize)
 values('SH2C1WJCT01M','XL'); 
 insert into product_size(pid, psize)
 values('SH2C1WJCT01M','XXL');
 
 insert into product(pid, bno, clarge, cmedium, csmall, 
pname, pprice, pdetail, pseason, preleasedate, pimg1, pimg2, pimg3)
values('SH2C1WJCT01MP', 13, '남성', '아우터', '재킷','울 블렌드 더블 브레스티드 재킷', 640000,
'클래식한 더블 브레스 
티드 디자인의 이 재킷은 울을 혼방한 소재에 고급스러운 컬러감까지 조화를 이루어 시스템 옴
므만의 높은 퀄리티가 느껴집니다.', '22SS', sysdate,
      'http://newmedia.thehandsome.com/SH/2C/SS/SH2C1WJCT01MP_NY_T01.jpg',
      'http://newmedia.thehandsome.com/SH/2C/SS/SH2C1WJCT01MP_NY_T02.jpg',
 'http://newmedia.thehandsome.com/SH/2C/SS/SH2C1WJCT01MP_NY_W01.jpg/dims/resize/684x1032/');
 
 insert into color(pid, ccolorname) 
 values('SH2C1WJCT01MP','black');

 insert into product_size(pid, psize)
 values('SH2C1WJCT01MP','M'); 
 insert into product_size(pid, psize)
 values('SH2C1WJCT01MP','L');
 insert into product_size(pid, psize)
 values('SH2C1WJCT01MP','XL'); 
 insert into product_size(pid, psize)
 values('SH2C1WJCT01MP','XXL');
 
 insert into product(pid, bno, clarge, cmedium, csmall, 
pname, pprice, pdetail, pseason, preleasedate, pimg1, pimg2, pimg3)
values('MM2C1WJS081M', 15, '남성', '아우터', '재킷','싱글 셋업 재킷', 478000,
'얇고 가벼운 소재감의 재킷으로 편안한 착용감을 
선사합니다. 솔리드 컬러와 레귤러 실루엣이 조화를 이뤄 간결한 디자인을 자랑합니다. 동일한
 소재의 팬츠와 셋업 연출하여 포멀한 룩을 완성할 수 있습니다.', '22SS', sysdate,
      'http://newmedia.thehandsome.com/MM/2C/SS/MM2C1WJS081M_BG_T01.jpg',
      'http://newmedia.thehandsome.com/MM/2C/SS/MM2C1WJS081M_BG_T02.jpg',
 'http://newmedia.thehandsome.com/MM/2C/SS/MM2C1WJS081M_BG_W01.jpg/dims/resize/684x1032/');
 
 insert into color(pid, ccolorname) 
 values('MM2C1WJS081M','black');
 insert into color(pid, ccolorname) 
 values('MM2C1WJS081M','beige');

 insert into product_size(pid, psize)
 values('MM2C1WJS081M','S'); 
 insert into product_size(pid, psize)
 values('MM2C1WJS081M','M'); 
 insert into product_size(pid, psize)
 values('MM2C1WJS081M','L');
 insert into product_size(pid, psize)
 values('MM2C1WJS081M','XL'); 
 insert into product_size(pid, psize)
 values('MM2C1WJS081M','XXL');
 
 insert into product(pid, bno, clarge, cmedium, csmall, 
pname, pprice, pdetail, pseason, preleasedate, pimg1, pimg2, pimg3)
values('SH2C1WJC255M', 13, '남성', '아우터', '재킷','히든 버튼 플랩 재킷', 520000,
'스티치를 더한 독특한 봉제 라인과
 사선으로 블록된 패널 장식으로 캐주얼하게 완성한 이 재킷은 앞 여밈의 버튼을 보이지 않게 
디자인하여 세련된 디테일을 한층 돋보이게 합니다. 신축성있는 소재감으로 편안하게 착용하기
 좋으며, 같은 소재의 팬츠와 셋업시 더욱 멋스럽게 스타일링할 수 있습니다.', '22SS', sysdate,
      'http://newmedia.thehandsome.com/SH/2C/SS/SH2C1WJC255M_BK_T01.jpg',
      'http://newmedia.thehandsome.com/SH/2C/SS/SH2C1WJC255M_BK_T02.jpg',
 'http://newmedia.thehandsome.com/SH/2C/SS/SH2C1WJC255M_BK_W01.jpg/dims/resize/684x1032/');
 
 insert into color(pid, ccolorname) 
 values('SH2C1WJC255M','black');
 insert into color(pid, ccolorname) 
 values('SH2C1WJC255M','grey');


 insert into product_size(pid, psize)
 values('SH2C1WJC255M','M'); 
 insert into product_size(pid, psize)
 values('SH2C1WJC255M','L');
 insert into product_size(pid, psize)
 values('SH2C1WJC255M','XL'); 

 
 insert into product(pid, bno, clarge, cmedium, csmall, 
pname, pprice, pdetail, pseason, preleasedate, pimg1, pimg2, pimg3)
values('TH2C1WJC200M', 12, '남성', '아우터', '재킷','린넨 블렌드 싱글 재킷', 790000,
'여러가지 컬러감을 믹스하여 독특하게 짜 
여진 얇고 가벼운 텍스처로 시즌감이 물씬 느껴지며, 포멀한 디자인에 세련미를 더해준 재킷입
니다. 싱글 브레스티드 디자인으로 어디에나 두루 어울리며, 부드럽게 각이 진 어깨와 체형에 
알맞게 떨어지는 실루엣으로 타임 옴므 만의 섬세하고 퀄리티 높은 테일러링 감각을 선보입니 
다.', '22SS', sysdate,
      'http://newmedia.thehandsome.com/TH/2C/SS/TH2C1WJC200M_BR_T01.jpg',
      'http://newmedia.thehandsome.com/TH/2C/SS/TH2C1WJC200M_BR_T02.jpg',
 'http://newmedia.thehandsome.com/TH/2C/SS/TH2C1WJC200M_BR_W01.jpg/dims/resize/684x1032/');
 
 insert into color(pid, ccolorname) 
 values('TH2C1WJC200M','brown');
 insert into color(pid, ccolorname) 
 values('TH2C1WJC200M','charcoal');


 insert into product_size(pid, psize)
 values('TH2C1WJC200M','M'); 
 insert into product_size(pid, psize)
 values('TH2C1WJC200M','L');
 insert into product_size(pid, psize)
 values('TH2C1WJC200M','XL');
 insert into product_size(pid, psize)
 values('TH2C1WJC200M','XXL'); 
 
 -- 남자 탑 티셔츠
 
 insert into product(pid, bno, clarge, cmedium, csmall, 
pname, pprice, pdetail, pseason, preleasedate, pimg1, pimg2, pimg3)
values('SH2C4TRN653M', 13, '남성', '탑', '티셔츠','백 프린팅 라운드넥 티셔츠', 245000,
'뒷면의 빈티지한 프린팅이 돋보이는 라
운드넥 티셔츠입니다. 베이직한 디자인으로 어디에나 두루 매치하기 좋으며, 프린팅 포인트 디
테일로 단품으로 스타일리시하게 연출하거나 이너로도 착용하기 좋은 활용도 높은 아이템입니 
다.', '22SS', sysdate,
      'http://newmedia.thehandsome.com/SH/2C/SS/SH2C4TRN653M_OW_T01.jpg',
      'http://newmedia.thehandsome.com/SH/2C/SS/SH2C4TRN653M_OW_T02.jpg',
 'http://newmedia.thehandsome.com/SH/2C/SS/SH2C4TRN653M_OW_W01.jpg/dims/resize/684x1032/');
 insert into color(pid, ccolorname) 
 values('SH2C4TRN653M','white');
 insert into color(pid, ccolorname) 
 values('SH2C4TRN653M','black');


 insert into product_size(pid, psize)
 values('SH2C4TRN653M','M'); 
 insert into product_size(pid, psize)
 values('SH2C4TRN653M','L');
 insert into product_size(pid, psize)
 values('SH2C4TRN653M','XL');
 
 insert into product(pid, bno, clarge, cmedium, csmall, 
pname, pprice, pdetail, pseason, preleasedate, pimg1, pimg2, pimg3)
values('SH2C0TRN602MP3', 13, '남성', '탑', '티셔츠','지퍼 슬릿 티셔츠', 235000,
'언뜻 보기에 심플해보이지만 시스템 옴므만의 
디테일이 가미된 티셔츠로 밑단 양쪽 옆의 지퍼로 조절 가능한 슬릿이 특징입니다. 슬릿의 라 
인에 컬러를 블록하여 포인트를 살렸습니다. 신축성이 있는 소재로 편안한 착용감을 선사합니 
다.', '22SS', sysdate,
      'http://newmedia.thehandsome.com/SH/2C/SS/SH2C0TRN602MP3_CR_T01.jpg',
      'http://newmedia.thehandsome.com/SH/2C/SS/SH2C0TRN602MP3_CR_T02.jpg',
 'http://newmedia.thehandsome.com/SH/2C/SS/SH2C0TRN602MP3_CR_W01.jpg/dims/resize/684x1032/');
 
 insert into color(pid, ccolorname) 
 values('SH2C0TRN602MP3','white');

 insert into product_size(pid, psize)
 values('SH2C0TRN602MP3','M'); 
 insert into product_size(pid, psize)
 values('SH2C0TRN602MP3','L');
 insert into product_size(pid, psize)
 values('SH2C0TRN602MP3','XL');
 
 insert into product(pid, bno, clarge, cmedium, csmall, 
pname, pprice, pdetail, pseason, preleasedate, pimg1, pimg2, pimg3)
values('SH2C3TTN642M', 13, '남성', '탑', '티셔츠','지퍼 슬릿 칼라 티셔츠', 265000,
'넥라인에 여밈이 없는 칼라 티셔츠로 시스 
템 옴므만의 트렌디한 디자인을 선보입니다. 밑단 양 옆에 지퍼 여밈의 슬릿과 내부에 리브 니
트를 레이어하여 섬세한 포인트를 더했으며, 간결하면서도 스타일리시한 디자인으로 다양한 룩
에 두루 활용하기 좋은 멋스러운 아이템입니다. 적당한 두께감과 신축성이 있는 소재로 비침이
 적고 편안한 착용감을 전해줍니다.', '22SS', sysdate,
      'http://newmedia.thehandsome.com/SH/2C/SS/SH2C3TTN642M_IV_T01.jpg',
      'http://newmedia.thehandsome.com/SH/2C/SS/SH2C3TTN642M_IV_T02.jpg',
 'http://newmedia.thehandsome.com/SH/2C/SS/SH2C3TTN642M_IV_W01.jpg/dims/resize/684x1032/');
 
 insert into color(pid, ccolorname) 
 values('SH2C3TTN642M','white');
 insert into color(pid, ccolorname) 
 values('SH2C3TTN642M','green');

 insert into product_size(pid, psize)
 values('SH2C3TTN642M','M'); 
 insert into product_size(pid, psize)
 values('SH2C3TTN642M','L');
 insert into product_size(pid, psize)
 values('SH2C3TTN642M','XL');
 
 insert into product(pid, bno, clarge, cmedium, csmall, 
pname, pprice, pdetail, pseason, preleasedate, pimg1, pimg2, pimg3)
values('TH2C3TRN644N', 12, '남성', '탑', '티셔츠','세미 오버핏 솔리드 티셔츠', 155000,
'앞 어깨에 봉제 라인을 
없이 자연스러운 실루엣을 연출하며, 타임 옴므만의 고급스러운 퀄리티가 돋보이는 라운드넥  
티셔츠입니다. 약간의 두께감이 있는 면과 스판 혼방 소재로 정돈된 핏을 유지해 주며, 베이직
한 디자인으로 어디에나 두루 어울리는 에센셜한 아이템입니다.', '22SS', sysdate,
      'http://newmedia.thehandsome.com/TH/2C/SS/TH2C3TRN644N_BR_T01.jpg',
      'http://newmedia.thehandsome.com/TH/2C/SS/TH2C3TRN644N_BR_T02.jpg',
 'http://newmedia.thehandsome.com/TH/2C/SS/TH2C3TRN644N_BR_W01.jpg/dims/resize/684x1032/');
 
 insert into color(pid, ccolorname) 
 values('TH2C3TRN644N','white');
 insert into color(pid, ccolorname) 
 values('TH2C3TRN644N','brown');
insert into color(pid, ccolorname) 
 values('TH2C3TRN644N','grey');

 insert into product_size(pid, psize)
 values('TH2C3TRN644N','M'); 
 insert into product_size(pid, psize)
 values('TH2C3TRN644N','L');
 insert into product_size(pid, psize)
 values('TH2C3TRN644N','XL');
 insert into product_size(pid, psize)
 values('TH2C3TRN644N','XXL');
 
 insert into product(pid, bno, clarge, cmedium, csmall, 
pname, pprice, pdetail, pseason, preleasedate, pimg1, pimg2, pimg3)
values('TH2C3TTN639N', 12, '남성', '탑', '티셔츠','테리 오픈 칼라 티셔츠', 215000,
'테리 텍스처와 오픈 칼라 디
자인이 어우러져 트렌디한 무드를 연출하는 티셔츠로, 신축성이 좋아 편안한 착용감을 선사합 
니다. 밑단 양 옆에 슬릿을 더해 활동성을 한층 높였으며, 베이직한 컬러감으로 어디에나 두루
 잘 어울려 매치하기 좋은 아이템입니다.', '22SS', sysdate,
      'http://newmedia.thehandsome.com/TH/2C/SS/TH2C3TTN639N_BK_T01.jpg',
      'http://newmedia.thehandsome.com/TH/2C/SS/TH2C3TTN639N_BK_T02.jpg',
 'http://newmedia.thehandsome.com/TH/2C/SS/TH2C3TTN639N_BK_W01.jpg/dims/resize/684x1032/');
 
 insert into color(pid, ccolorname) 
 values('TH2C3TTN639N','white');
 insert into color(pid, ccolorname) 
 values('TH2C3TTN639N','black');

 insert into product_size(pid, psize)
 values('TH2C3TTN639N','M'); 
 insert into product_size(pid, psize)
 values('TH2C3TTN639N','L');
 insert into product_size(pid, psize)
 values('TH2C3TTN639N','XL');
 insert into product_size(pid, psize)
 values('TH2C3TTN639N','XXL');
 
 insert into product(pid, bno, clarge, cmedium, csmall, 
pname, pprice, pdetail, pseason, preleasedate, pimg1, pimg2, pimg3)
values('MM2C1WPC501MM', 15, '남성', '팬츠', '루즈/테이퍼드','사이드 밴딩 팬츠', 278000,
'군더더기 없이 깔끔한 실루엣과 디자인으로 어
떤 스타일에도 두루 어울리는 머스트 해브 아이템입니다. 허리 라인 양옆에 밴딩이 있으며, 구
김이 적고 신축성이 있는 소재를 사용하여 포멀한 분위기의 팬츠를 한층 편안하게 착용할 수  
있습니다.', '22SS', sysdate,
      'http://newmedia.thehandsome.com/MM/2C/SS/MM2C1WPC501MM_LG_T01.jpg',
      'http://newmedia.thehandsome.com/MM/2C/SS/MM2C1WPC501MM_LG_T02.jpg',
 'http://newmedia.thehandsome.com/MM/2C/SS/MM2C1WPC501MM_LG_W01.jpg/dims/resize/684x1032/');
 
 insert into color(pid, ccolorname) 
 values('MM2C1WPC501MM','grey');
 insert into color(pid, ccolorname) 
 values('MM2C1WPC501MM','black');

insert into product_size(pid, psize)
 values('MM2C1WPC501MM','XS'); 
insert into product_size(pid, psize)
 values('MM2C1WPC501MM','S'); 
 insert into product_size(pid, psize)
 values('MM2C1WPC501MM','M'); 
 insert into product_size(pid, psize)
 values('MM2C1WPC501MM','L');
 insert into product_size(pid, psize)
 values('MM2C1WPC501MM','XL');
 insert into product_size(pid, psize)
 values('MM2C1WPC501MM','XXL');
 insert into product_size(pid, psize)
 values('MM2C1WPC501MM','XXXL');
 
 
 insert into product(pid, bno, clarge, cmedium, csmall, 
pname, pprice, pdetail, pseason, preleasedate, pimg1, pimg2, pimg3)
values('SH2C5WPC566M', 13, '남성', '팬츠', '루즈/테이퍼드','린넨 블렌드 밴딩 테이퍼드 팬츠', 295000,
'밑단으로 갈수록 살짝 좁아지는 
여유 있는 실루엣의 이 팬츠는 린넨과 면 혼방 소재를 사용하여 내추럴한 텍스처가 돋보이며, 
계절감이 물씬 느껴집니다. 허리 라인에 전체 밴딩과 내부에 드로우스트링을 더해 편안한 착용
감을 선사하며, 포멀, 캐주얼 룩 모두 아울러 매치하기 좋은 아이템입니다.', '22SS', sysdate,
      'http://newmedia.thehandsome.com/SH/2C/SS/SH2C5WPC566M_PE_T01.jpg',
      'http://newmedia.thehandsome.com/SH/2C/SS/SH2C5WPC566M_PE_T02.jpg',
 'http://newmedia.thehandsome.com/SH/2C/SS/SH2C5WPC566M_PE_W01.jpg/dims/resize/684x1032/');
 
 insert into color(pid, ccolorname) 
 values('SH2C5WPC566M','grey');
 insert into color(pid, ccolorname) 
 values('SH2C5WPC566M','black');


 insert into product_size(pid, psize)
 values('SH2C5WPC566M','M'); 
 insert into product_size(pid, psize)
 values('SH2C5WPC566M','L');
 insert into product_size(pid, psize)
 values('SH2C5WPC566M','XL');
 insert into product_size(pid, psize)
 values('SH2C5WPC566M','XXL');
 
 insert into product(pid, bno, clarge, cmedium, csmall, 
pname, pprice, pdetail, pseason, preleasedate, pimg1, pimg2, pimg3)
values('SH2C4WPC563M', 13, '남성', '팬츠', '루즈/테이퍼드','린넨 블렌드 드로우스트링 투턱 팬츠', 285000,
'허리 라인 양 옆에 두개의  
주름을 잡아 다리 라인을 자연스럽게 길어보이게 해주며, 한층 정돈된 외관을 자랑하는 팬츠입
니다. 상단은 여유롭고 밑단으로 갈수록 점차 좁아지는 실루엣이 세련된 스타일을 완성시켜줍 
니다. 린넨을 혼방한 소재를 사용하여 내추럴한 텍스처가 돋보이며, 어디에나 두루 매치하기  
좋은 활용도 높은 아이템입니다.', '22SS', sysdate,
      'http://newmedia.thehandsome.com/SH/2C/SS/SH2C4WPC563M_DN_T01.jpg',
      'http://newmedia.thehandsome.com/SH/2C/SS/SH2C4WPC563M_DN_T02.jpg',
 'http://newmedia.thehandsome.com/SH/2C/SS/SH2C4WPC563M_DN_W01.jpg/dims/resize/684x1032/');
 
 insert into color(pid, ccolorname) 
 values('SH2C4WPC563M','white');
 insert into color(pid, ccolorname) 
 values('SH2C4WPC563M','black');


 insert into product_size(pid, psize)
 values('SH2C4WPC563M','M'); 
 insert into product_size(pid, psize)
 values('SH2C4WPC563M','L');
 insert into product_size(pid, psize)
 values('SH2C4WPC563M','XL');
 insert into product_size(pid, psize)
 values('SH2C4WPC563M','XXL');
 
 insert into product(pid, bno, clarge, cmedium, csmall, 
pname, pprice, pdetail, pseason, preleasedate, pimg1, pimg2, pimg3)
values('SH2C1WPC518MM', 13, '남성', '팬츠', '루즈/테이퍼드','테이퍼드 밴딩 팬츠', 295000,
'밑단으로 갈수록 좁아지는 테이퍼드 실루엣 
으로 깔끔한 라인을 연출하며, 앞면에 봉제 라인을 더해 다리 라인을 한층 슬림하게 보여줍니 
다. 심플한 디자인으로 다양한 상의와 두루 어울리기 좋으며, 허리 라인이 밴딩으로 이루어져 
착용감 또한 편안합니다.', '22SS', sysdate,
      'http://newmedia.thehandsome.com/SH/2C/SS/SH2C1WPC518MM_BK_T01.jpg',
      'http://newmedia.thehandsome.com/SH/2C/SS/SH2C1WPC518MM_BK_T02.jpg',
 'http://newmedia.thehandsome.com/SH/2C/SS/SH2C1WPC518MM_BK_W01.jpg/dims/resize/684x1032/');
 
 insert into color(pid, ccolorname) 
 values('SH2C1WPC518MM','black');


 insert into product_size(pid, psize)
 values('SH2C1WPC518MM','M'); 
 insert into product_size(pid, psize)
 values('SH2C1WPC518MM','L');
 insert into product_size(pid, psize)
 values('SH2C1WPC518MM','XL');
 insert into product_size(pid, psize)
 values('SH2C1WPC518MM','XXL');
 
 insert into product(pid, bno, clarge, cmedium, csmall, 
pname, pprice, pdetail, pseason, preleasedate, pimg1, pimg2, pimg3)
values('SH2C4WPC524M', 13, '남성', '팬츠', '루즈/테이퍼드','시어서커 밴딩 팬츠', 285000,
'가볍고 시원한 시어서커 소재를 사용하여 S/S 시즌 무드가 물씬 느껴지는 팬츠로 앞면에 턱을 잡아 여유로우면서도 스타일리시한 핏을 선보
입니다. 허리 라인에 여밈을 없애고 밴딩과 드로우스트링을 블록하여 한층 편안하고 캐주얼하 
게 완성하였으며, 같은 소재의 셔츠와 함께 셋업하여 스타일링 하기 좋은 아이템입니다.', '22SS', sysdate,
      'http://newmedia.thehandsome.com/SH/2C/SS/SH2C4WPC524M_KK_T01.jpg',
      'http://newmedia.thehandsome.com/SH/2C/SS/SH2C4WPC524M_KK_T02.jpg',
 'http://newmedia.thehandsome.com/SH/2C/SS/SH2C4WPC524M_KK_W01.jpg/dims/resize/684x1032/');
 
 insert into color(pid, ccolorname) 
 values('SH2C4WPC524M','black');
 insert into color(pid, ccolorname) 
 values('SH2C4WPC524M','khaki');


 insert into product_size(pid, psize)
 values('SH2C4WPC524M','M'); 
 insert into product_size(pid, psize)
 values('SH2C4WPC524M','L');
 insert into product_size(pid, psize)
 values('SH2C4WPC524M','XL');
 insert into product_size(pid, psize)
 values('SH2C4WPC524M','XXL');
 
 
 insert into product(pid, bno, clarge, cmedium, csmall, 
pname, pprice, pdetail, pseason, preleasedate, pimg1, pimg2, pimg3)
values('SH2C1WSD751M', 13, '남성', '수트', '드레스셔츠','포멀 드레스 셔츠', 215000,
'베이직하며 단정한 디자인의 드레스 셔츠로 단
독 또는 재킷, 팬츠와 연출하였을 때 포멀한 무드를 연출합니다. 부드럽고 신축성이 있는 소재
로 편안한 착용감을 자랑하며 앞면 포켓 밑에 로고 자수로 아이코닉한 매력을 더하였습니다.', '22SS', sysdate,
      'http://newmedia.thehandsome.com/SH/2C/SS/SH2C1WSD751M_LG_T01.jpg',
      'http://newmedia.thehandsome.com/SH/2C/SS/SH2C1WSD751M_LG_T02.jpg',
 'http://newmedia.thehandsome.com/SH/2C/SS/SH2C1WSD751M_LG_W01.jpg/dims/resize/684x1032/');
 
 insert into color(pid, ccolorname) 
 values('SH2C1WSD751M','green');
 insert into color(pid, ccolorname) 
 values('SH2C1WSD751M','white');


 insert into product_size(pid, psize)
 values('SH2C1WSD751M','M'); 
 insert into product_size(pid, psize)
 values('SH2C1WSD751M','L');
 insert into product_size(pid, psize)
 values('SH2C1WSD751M','XL');
 insert into product_size(pid, psize)
 values('SH2C1WSD751M','XXL');
 
 insert into product(pid, bno, clarge, cmedium, csmall, 
pname, pprice, pdetail, pseason, preleasedate, pimg1, pimg2, pimg3)
values('MM2C0WSD711M', 15, '남성', '수트', '드레스셔츠','스트레치 드레스 셔츠', 238000,
'단정하고 깔끔한 드레스 셔츠로 포멀한 무 
드를 완성합니다. 부드러운 촉감을 지닌 신축성 있는 소재로 편안한 착용감을 선사하며, 베이 
직한 디자인으로 어떤 수트와도 잘 어우러집니다.', '22SS', sysdate,
      'http://newmedia.thehandsome.com/MM/2C/SS/MM2C0WSD711M_LB_T01.jpg',
      'http://newmedia.thehandsome.com/MM/2C/SS/MM2C0WSD711M_LB_T02.jpg',
 'http://newmedia.thehandsome.com/MM/2C/SS/MM2C0WSD711M_LB_W01.jpg/dims/resize/684x1032/');
 
 insert into color(pid, ccolorname) 
 values('MM2C0WSD711M','blue');
 insert into color(pid, ccolorname) 
 values('MM2C0WSD711M','white');

insert into product_size(pid, psize)
 values('MM2C0WSD711M','XS'); 
insert into product_size(pid, psize)
 values('MM2C0WSD711M','S'); 
 insert into product_size(pid, psize)
 values('MM2C0WSD711M','M'); 
 insert into product_size(pid, psize)
 values('MM2C0WSD711M','L');
 insert into product_size(pid, psize)
 values('MM2C0WSD711M','XL');
 
 insert into product(pid, bno, clarge, cmedium, csmall, 
pname, pprice, pdetail, pseason, preleasedate, pimg1, pimg2, pimg3)
values('MM2C3KTS035H4E', 15, '남성', '탑', '니트','오픈 칼라 니트 탑', 228000,
'디테일을 최소화하여 클럽 모나코만의 미니
멀한 감각이 돋보이는 니트 탑입니다. 오픈 칼라 디자인으로 디자인으로 경쾌한 포인트 디테일
을 더했으며, 부드럽고 신축성이 뛰어난 소재감으로 편안한 착용감을 자랑합니다. 간결한 디자
인으로 어디에나 매치하기 좋은 활용도 높은 아이템입니다.', '22SS', sysdate,
      'http://newmedia.thehandsome.com/MM/2C/SS/MM2C3KTS035H4E_BR_T01.jpg',
      'http://newmedia.thehandsome.com/MM/2C/SS/MM2C3KTS035H4E_BR_T02.jpg',
 'http://newmedia.thehandsome.com/MM/2C/SS/MM2C3KTS035H4E_BR_W01.jpg/dims/resize/684x1032/');
 
 insert into color(pid, ccolorname) 
 values('MM2C3KTS035H4E','brown');
 insert into color(pid, ccolorname) 
 values('MM2C3KTS035H4E','black');
 insert into color(pid, ccolorname) 
 values('MM2C3KTS035H4E','grey');
 insert into color(pid, ccolorname) 
 values('MM2C3KTS035H4E','green');

insert into product_size(pid, psize)
 values('MM2C3KTS035H4E','XS'); 
insert into product_size(pid, psize)
 values('MM2C3KTS035H4E','S'); 
 insert into product_size(pid, psize)
 values('MM2C3KTS035H4E','M'); 
 insert into product_size(pid, psize)
 values('MM2C3KTS035H4E','L');
 insert into product_size(pid, psize)
 values('MM2C3KTS035H4E','XL');
 
 insert into product(pid, bno, clarge, cmedium, csmall, 
pname, pprice, pdetail, pseason, preleasedate, pimg1, pimg2, pimg3)
values('TH2C5KTN040N', 12, '남성', '탑', '니트','오버핏 텍스쳐 칼라 니트', 355000,
'넥라인에 여밈이 없는 칼
라와 하프 슬리브 디자인으로 편안하면서도 세련되고 트렌디한 감각이 느껴지는 니트 탑입니다
. 그물처럼 짜여진 흔치 않은 조직감의 니트 소재로 더욱 유니크하고 스타일리시한 느낌을 전 
해주며, 밝은 컬러감으로 S/S 시즌 무드를 살려 스타일링하기 좋습니다.', '22SS', sysdate,
      'http://newmedia.thehandsome.com/TH/2C/SS/TH2C5KTN040N_LE_T01.jpg',
      'http://newmedia.thehandsome.com/TH/2C/SS/TH2C5KTN040N_LE_T02.jpg',
 'http://newmedia.thehandsome.com/TH/2C/SS/TH2C5KTN040N_LE_W01.jpg/dims/resize/684x1032/');
 
 insert into color(pid, ccolorname) 
 values('TH2C5KTN040N','pink');
 insert into color(pid, ccolorname) 
 values('TH2C5KTN040N','blue');
 
 insert into product_size(pid, psize)
 values('TH2C5KTN040N','M'); 
 insert into product_size(pid, psize)
 values('TH2C5KTN040N','L');
 insert into product_size(pid, psize)
 values('TH2C5KTN040N','XL');
 insert into product_size(pid, psize)
 values('TH2C5KTN040N','XXL');
 
 insert into product(pid, bno, clarge, cmedium, csmall, 
pname, pprice, pdetail, pseason, preleasedate, pimg1, pimg2, pimg3)
values('MM2C3KTS032H6A', 15, '남성', '탑', '니트','하프 슬리브 니트 탑', 218000,
'군더더기 없이 깔끔한 하프 슬리브 디자인
의 니트 탑으로 클럽 모나코만의 미니멀한 감각이 돋보이는 아이템입니다. 상단과 하단에 다른
 짜임의 니트를 블록하여 한층 세련된 외관을 연출하며, 성근 짜임과 100% 면 소재로 여름철에
도 착용하기 좋은 시원하고 편안한 착용감을 선사합니다.', '22SS', sysdate,
      'http://newmedia.thehandsome.com/MM/2C/SS/MM2C3KTS032H6A_BK_T01.jpg',
      'http://newmedia.thehandsome.com/MM/2C/SS/MM2C3KTS032H6A_BK_T02.jpg',
 'http://newmedia.thehandsome.com/MM/2C/SS/MM2C3KTS032H6A_BK_W01.jpg/dims/resize/684x1032/');
 
 insert into color(pid, ccolorname) 
 values('MM2C3KTS032H6A','black');
 insert into color(pid, ccolorname) 
 values('MM2C3KTS032H6A','grey');
 
 insert into product_size(pid, psize)
 values('MM2C3KTS032H6A','M'); 
 insert into product_size(pid, psize)
 values('MM2C3KTS032H6A','L');
 insert into product_size(pid, psize)
 values('MM2C3KTS032H6A','XL');
 insert into product_size(pid, psize)
 values('MM2C3KTS032H6A','S');

 commit;